station,region,lat,lon,model_lon,model_lat,note
AJ10,CS,-32.177783,115.681163,115.681163,-32.177783,
CG5,NW,-32.016773,115.743328,115.743328,-32.016773,
CMCS3,CS,-32.194782,115.698995,115.698995,-32.194782,
CMP0,CS,-32.176325,115.729994,115.729994,-32.176325,
CMP1,CS,-32.178278,115.750331,115.750331,-32.178278,
CMP2,CS,-32.176448,115.757823,115.757823,-32.176448,
CMP4S,CS,-32.233445,115.708823,115.708823,-32.233445,
CS10,OA,-32.147942,115.667322,115.667322,-32.147942,
CS100,CS,-32.234607,115.708658,115.708658,-32.234607,
CS100W,CS,-32.235111,115.73616,115.73616,-32.235111,
CS105,CS,-32.234615,115.724493,115.724493,-32.234615,
CS108,CS,-32.244949,115.704659,115.704659,-32.244949,
CS10S,OA,-32.152608,115.665822,115.665822,-32.152608,
CS11,OA,-32.145643,115.684659,115.684659,-32.145643,
CS110,CS,-32.234614,115.746992,115.746992,-32.234614,
CS110W,CS,-32.23428,115.736989,115.736989,-32.23428,
CS112,CS,-32.240941,115.711498,115.711498,-32.240941,
CS112A,CS,-32.238944,115.717332,115.717332,-32.238944,
CS115,CS,-32.239614,115.753663,115.753663,-32.239614,
CS118,CS,-32.261281,115.739991,115.739991,-32.261281,
CS119,CS,-32.257465,115.736339,115.736339,-32.257465,
CS12,OA,-32.148441,115.676995,115.676995,-32.148441,
CS120,CS,-32.254609,115.730328,115.730328,-32.254609,
CS123,CS,-32.260441,115.741659,115.741659,-32.260441,
CS125,CS,-32.267114,115.726162,115.726162,-32.267114,
CS130,CS,-32.265448,115.708657,115.708657,-32.265448,
CS135,CS,-32.248112,115.700825,115.700825,-32.248112,
CS140,CS,-32.248945,115.698499,115.698499,-32.248945,
CS145,SW,-32.255448,115.684489,115.684489,-32.255448,
CS15,OA,-32.150449,115.685332,115.685332,-32.150449,
CS150,SW,-32.255441,115.666656,115.666656,-32.255441,
CS150S,SW,-32.270749,115.657312,115.657312,-32.270749,
CS151,SW,-32.265445,115.666658,115.666658,-32.265445,
CS155,CS,-32.246447,115.720665,115.720665,-32.246447,
CS16,CS,-32.159947,115.682661,115.682661,-32.159947,
CS160,W,-32.190948,115.678162,115.678162,-32.190948,
CS161,CS,-32.191281,115.681488,115.681488,-32.191281,
CS165,CS,-32.190774,115.685665,115.685665,-32.190774,
CS17,CS,-32.163445,115.682494,115.682494,-32.163445,
CS170,CS,-32.190645,115.68626,115.68626,-32.190645,
CS175,CS,-32.187774,115.731999,115.731999,-32.187774,
CS175E,CS,-32.187613,115.741155,115.741155,-32.187613,
CS18,CS,-32.150775,115.69416,115.69416,-32.150775,
CS180,CS,-32.185615,115.768157,115.768157,-32.185615,
CS185,CS,-32.18628,115.772498,115.772498,-32.18628,
CS186,CS,-32.176447,115.767825,115.767825,-32.176447,
CS20,CS,-32.150116,115.705493,115.705493,-32.150116,
CS203,CS,-32.261782,115.71183,115.71183,-32.261782,
CS205,CS,-32.260613,115.717494,115.717494,-32.260613,
CS207,CS,-32.255949,115.722825,115.722825,-32.255949,
CS209,CS,-32.242946,115.716161,115.716161,-32.242946,
CS20A,OA,-32.137111,115.703164,115.703164,-32.137111,
CS20B,CS,-32.146281,115.704498,115.704498,-32.146281,
CS20BN,OA,-32.138943,115.704156,115.704156,-32.138943,
CS20C,CS,-32.159279,115.708874,115.708874,-32.159279,
CS20D,CS,-32.150113,115.703489,115.703489,-32.150113,
CS211,CS,-32.240776,115.710322,115.710322,-32.240776,
CS213,CS,-32.239109,115.702577,115.702577,-32.239109,
CS215,CS,-32.240108,115.694496,115.694496,-32.240108,
CS219,CS,-32.252274,115.704757,115.704757,-32.252274,
CS22,CS,-32.144278,115.718659,115.718659,-32.144278,
CS221,CS,-32.258359,115.702558,115.702558,-32.258359,
CS223,CS,-32.268443,115.698996,115.698996,-32.268443,
CS226,CS,-32.234613,115.698661,115.698661,-32.234613,
CS227,CS,-32.234611,115.702832,115.702832,-32.234611,
CS229,CS,-32.244447,115.727157,115.727157,-32.244447,
CS22A,CS,-32.150281,115.71549,115.71549,-32.150281,
CS22N,OA,-32.140947,115.716659,115.716659,-32.140947,
CS22NW,OA,-32.141781,115.710827,115.710827,-32.141781,
CS231,CS,-32.259274,115.727832,115.727832,-32.259274,
CS233,CS,-32.270442,115.71983,115.71983,-32.270442,
CS233A,CS,-32.275944,115.719742,115.719742,-32.275944,
CS235,CS,-32.266779,115.716165,115.716165,-32.266779,
CS23S,CS,-32.143277,115.724992,115.724992,-32.143277,
CS25,CS,-32.151274,115.724499,115.724499,-32.151274,
CS25A,CS,-32.150596,115.719896,115.719896,-32.150596,
CS26,CS,-32.150074,115.733497,115.733497,-32.150074,
CS27,CS,-32.151275,115.732748,115.732748,-32.151275,
CS27A,CS,-32.149941,115.74003,115.74003,-32.149941,
CS27N,CS,-32.14328,115.733326,115.733326,-32.14328,
CS28,CS,-32.15128,115.739492,115.739492,-32.15128,
CS28N,CS,-32.14328,115.745158,115.745158,-32.14328,
CS30,CS,-32.151278,115.751156,115.751156,-32.151278,
CS35,CS,-32.167941,115.738658,115.738658,-32.167941,
CS4,CS,-32.156776,115.706661,115.706661,-32.156776,
CS40,CS,-32.167941,115.728657,115.728657,-32.167941,
CS45,CS,-32.167945,115.709494,115.709494,-32.167945,
CS45NE,CS,-32.15928,115.711662,115.711662,-32.15928,
CS46,CS,-32.173778,115.710907,115.710907,-32.173778,
CS46.5,CS,-32.178282,115.712996,115.712996,-32.178282,
CS47,CS,-32.181775,115.713159,115.713159,-32.181775,
CS47A,CS,-32.167943,115.69349,115.69349,-32.167943,
CS5,OA,-32.144612,115.658655,115.658655,-32.144612,
CS50,CS,-32.18994,115.693993,115.693993,-32.18994,
CS52,CS,-32.188781,115.705826,115.705826,-32.188781,
CS53,CS,-32.188949,115.706323,115.706323,-32.188949,
CS55,CS,-32.18761,115.71399,115.71399,-32.18761,
CS58,CS,-32.201275,115.716481,115.716481,-32.201275,
CS6,CS,-32.147945,115.755326,115.755326,-32.147945,
CS60,CS,-32.187112,115.746996,115.746996,-32.187112,
CS65,CS,-32.186277,115.761158,115.761158,-32.186277,
CS7,OA,-32.143548,115.666325,115.666325,-32.143548,
CS70,CS,-32.19878,115.769497,115.769497,-32.19878,
CS70M,CS,-32.19761,115.768823,115.768823,-32.19761,
CS75,CS,-32.20961,115.755325,115.755325,-32.20961,
CS7N,OA,-32.139947,115.681655,115.681655,-32.139947,
CS80,CS,-32.205447,115.742989,115.742989,-32.205447,
CS85,CS,-32.211279,115.719163,115.719163,-32.211279,
CS85A,CS,-32.227013,115.718497,115.718497,-32.227013,
CS88,CS,-32.223195,115.72271,115.72271,-32.223195,
CS9,CS,-32.203777,115.754662,115.754662,-32.203777,
CS90,CS,-32.222948,115.698572,115.698572,-32.222948,
CS95,CS,-32.233778,115.690331,115.690331,-32.233778,
CS98,CS,-32.227274,115.704326,115.704326,-32.227274,
CS99,CS,-32.229276,115.702494,115.702494,-32.229276,
DEV01,OA,-32.142942,115.688663,115.688663,-32.142942,
DEV04,CS,-32.15178,115.686659,115.686659,-32.15178,
DEV05,CS,-32.158941,115.688327,115.688327,-32.158941,
GI1,NW,-32.133444,115.623326,115.623326,-32.133444,
GI10,W,-32.150108,115.453324,115.453324,-32.150108,
GI100,SW,-32.25011,115.416657,115.416657,-32.25011,
GI11,W,-32.169281,115.485823,115.485823,-32.169281,
GI12,W,-32.188446,115.518324,115.518324,-32.188446,
GI13,W,-32.208442,115.551664,115.551664,-32.208442,
GI14,W,-32.228447,115.583331,115.583331,-32.228447,
GI15,SW,-32.250114,115.615826,115.615826,-32.250114,
GI16,SW,-32.250109,115.625326,115.625326,-32.250109,
GI17,SW,-32.250115,115.633329,115.633329,-32.250115,
GI18,SW,-32.250113,115.653327,115.653327,-32.250113,
GI19,SW,-32.25011,115.666659,115.666659,-32.25011,
GI2,NW,-32.133442,115.606661,115.606661,-32.133442,
GI20,SW,-32.250108,115.674164,115.674164,-32.250108,
GI21,W,-32.231776,115.639993,115.639993,-32.231776,
GI22,W,-32.207611,115.63666,115.63666,-32.207611,
GI23,W,-32.182615,115.631655,115.631655,-32.182615,
GI24,W,-32.15678,115.627492,115.627492,-32.15678,
GI3,NW,-32.133449,115.594989,115.594989,-32.133449,
GI30,SW,-32.25011,115.599989,115.599989,-32.25011,
GI35,SW,-32.250111,115.558327,115.558327,-32.250111,
GI4,NW,-32.133446,115.58583,115.58583,-32.133446,
GI40,SW,-32.250112,115.53333,115.53333,-32.250112,
GI45,SW,-32.250108,115.508322,115.508322,-32.250108,
GI5,NW,-32.133442,115.57666,115.57666,-32.133442,
GI50,SW,-32.250108,115.483326,115.483326,-32.250108,
GI55,SW,-32.250112,115.458329,115.458329,-32.250112,
GI6,NW,-32.133447,115.53749,115.53749,-32.133447,
GI7,NW,-32.133448,115.49833,115.49833,-32.133448,
GI8,NW,-32.133448,115.459987,115.459987,-32.133448,
GI9,NW,-32.133442,115.419991,115.419991,-32.133442,
MF10,OA,-32.146612,115.695491,115.695491,-32.146612,
MF15,CS,-32.15561,115.689828,115.689828,-32.15561,
MF20,OA,-32.09194,115.686997,115.686997,-32.09194,
MF25,CS,-32.16378,115.67566,115.67566,-32.16378,
MF5,CS,-32.15794,115.683156,115.683156,-32.15794,
ML01,OA,-32.134607,115.689492,115.689492,-32.134607,
ML01NW,OA,-32.130614,115.693323,115.693323,-32.130614,
ML01W,OA,-32.132947,115.685159,115.685159,-32.132947,
MN100,SW,-32.313445,115.64999,115.64999,-32.313445,
MN105,SW,-32.291778,115.649993,115.649993,-32.291778,
MN110,SW,-32.266774,115.649992,115.649992,-32.266774,
MN13,S,-32.45011,115.705827,115.705827,-32.45011,
MN2,S,-32.500114,115.694989,115.694989,-32.500114,
MN20,S,-32.433447,115.668328,115.668328,-32.433447,
MN25,SW,-32.333444,115.637497,115.637497,-32.333444,
MN26,SW,-32.333443,115.616662,115.616662,-32.333443,
MN3,S,-32.512613,115.700823,115.700823,-32.512613,
MN31,SW,-32.333447,115.67499,115.67499,-32.333447,
MN32,SW,-32.333447,115.696664,115.696664,-32.333447,
MN33,SW,-32.333444,115.716659,115.716659,-32.333444,
MN34,SW,-32.333447,115.737494,115.737494,-32.333447,
MN35,SW,-32.320948,115.706659,115.706659,-32.320948,
MN36,S,-32.350109,115.709995,115.709995,-32.350109,
MN4,S,-32.512609,115.708328,115.708328,-32.512609,
MN45,SW,-32.333443,115.649991,115.649991,-32.333443,
MN49,SW,-32.253442,115.683329,115.683329,-32.253442,
MN50,SW,-32.253448,115.666664,115.666664,-32.253448,
MN55,SW,-32.266774,115.649992,115.649992,-32.266774,
MN60,SW,-32.300113,115.649997,115.649997,-32.300113,
MN65,S,-32.356777,115.658327,115.658327,-32.356777,
MN70,S,-32.40011,115.658324,115.658324,-32.40011,
MN72,S,-32.43345,115.649992,115.649992,-32.43345,
MN75,S,-32.416777,115.694989,115.694989,-32.416777,
MN80,S,-32.416781,115.71999,115.71999,-32.416781,
MN85,SW,-32.291775,115.558326,115.558326,-32.291775,
MN88,SW,-32.291782,115.59166,115.59166,-32.291782,
MN9,S,-32.483443,115.699997,115.699997,-32.483443,
MN90,SW,-32.333446,115.591663,115.591663,-32.333446,
MN95,SW,-32.333453,115.629985,115.629985,-32.333453,
MS11,SW,-32.259948,115.593989,115.593989,-32.259948,
MS12,SW,-32.33828,115.59399,115.59399,-32.33828,
ND01,OA,-32.128778,115.709494,115.709494,-32.128778,
OA10,NW,-32.055781,115.730825,115.730825,-32.055781,
OA100,OA,-32.114946,115.717161,115.717161,-32.114946,
OA15,NW,-32.05928,115.715492,115.715492,-32.05928,
OA20,NW,-32.066278,115.71533,115.71533,-32.066278,
OA25,OA,-32.092944,115.715328,115.715328,-32.092944,
OA25E,OA,-32.090277,115.732659,115.732659,-32.090277,
OA25N,OA,-32.080948,115.720826,115.720826,-32.080948,
OA25S,OA,-32.094608,115.716661,115.716661,-32.094608,
OA27,OA,-32.101145,115.713656,115.713656,-32.101145,
OA30,OA,-32.084782,115.690829,115.690829,-32.084782,
OA30A,OA,-32.095611,115.695666,115.695666,-32.095611,
OA30N,OA,-32.083979,115.689092,115.689092,-32.083979,
OA30S,OA,-32.103281,115.694995,115.694995,-32.103281,
OA30W,OA,-32.079449,115.674165,115.674165,-32.079449,
OA31,OA,-32.078946,115.689164,115.689164,-32.078946,
OA32,OA,-32.072448,115.687996,115.687996,-32.072448,
OA33,NW,-32.063273,115.686157,115.686157,-32.063273,
OA33W,NW,-32.061945,115.683326,115.683326,-32.061945,
OA35,OA,-32.077942,115.656992,115.656992,-32.077942,
OA36N,NW,-32.058444,115.658325,115.658325,-32.058444,
OA40,OA,-32.079608,115.634824,115.634824,-32.079608,
OA45,NW,-32.077944,115.616997,115.616997,-32.077944,
OA5,OA,-32.070948,115.731156,115.731156,-32.070948,
OA50,NW,-32.099116,115.616996,115.616996,-32.099116,
OA55,OA,-32.099115,115.641994,115.641994,-32.099115,
OA60,OA,-32.104613,115.665323,115.665323,-32.104613,
OA62,OA,-32.108881,115.683522,115.683522,-32.108881,
OA62S,OA,-32.12128,115.68133,115.68133,-32.12128,
OA63,OA,-32.114608,115.69299,115.69299,-32.114608,
OA64,OA,-32.111026,115.694599,115.694599,-32.111026,
OA64CM,OA,-32.110612,115.69559,115.69559,-32.110612,
OA65,OA,-32.11128,115.705331,115.705331,-32.11128,
OA68,OA,-32.111273,115.720657,115.720657,-32.111273,
OA68E,OA,-32.11178,115.732489,115.732489,-32.11178,
OA69,OA,-32.113607,115.731997,115.731997,-32.113607,
OA70,OA,-32.111278,115.743656,115.743656,-32.111278,
OA70SW,OA,-32.121115,115.733165,115.733165,-32.121115,
OA71,OA,-32.111542,115.758512,115.758512,-32.111542,
OA72,OA,-32.119395,115.700606,115.700606,-32.119395,
OA72A,OA,-32.125532,115.699989,115.699989,-32.125532,
OA72N,OA,-32.112946,115.697157,115.697157,-32.112946,
OA72W,OA,-32.119246,115.699209,115.699209,-32.119246,
OA75,OA,-32.129609,115.720327,115.720327,-32.129609,
OA80,OA,-32.131274,115.701328,115.7027,-32.1307,into Success channel: nearest cell was 7.9m flank; ~12.5m channel cell ~145m E
OA802,CS,-32.146781,115.699656,115.699656,-32.146781,
OA804,OA,-32.138941,115.696862,115.696862,-32.138941,
OA807,OA,-32.147931,115.691359,115.691359,-32.147931,
OA809,CS,-32.154965,115.687632,115.687632,-32.154965,
OA810,CS,-32.15861,115.685098,115.685098,-32.15861,
OA812,CS,-32.16489,115.681805,115.681805,-32.16489,
OA814,W,-32.173443,115.676761,115.676761,-32.173443,
OA81A,OA,-32.138779,115.697829,115.697829,-32.138779,
OA81B,OA,-32.138773,115.701656,115.701656,-32.138773,
OA81C,OA,-32.138446,115.703156,115.703156,-32.138446,
OA81D,OA,-32.137608,115.704991,115.704991,-32.137608,
OA81E,OA,-32.137197,115.706322,115.706322,-32.137197,
OA81G,OA,-32.134941,115.702665,115.702665,-32.134941,
OA81H,OA,-32.135607,115.705157,115.705157,-32.135607,
OA85,OA,-32.135442,115.676992,115.676992,-32.135442,
OA85A,OA,-32.141276,115.681997,115.681997,-32.141276,
OA85B,OA,-32.145281,115.686328,115.686328,-32.145281,
OA85N,OA,-32.120781,115.679323,115.679323,-32.120781,
OA85NN,NW,-32.119946,115.772994,115.772994,-32.119946,
OA88,OA,-32.135441,115.669157,115.669157,-32.135441,
OA90,OA,-32.137946,115.660322,115.660322,-32.137946,
OA95,NW,-32.13794,115.635323,115.635323,-32.13794,
OA95W,NW,-32.137282,115.628665,115.628665,-32.137282,
OA95W2,NW,-32.139912,115.637488,115.637488,-32.139912,
OA95W4,NW,-32.139907,115.647115,115.647115,-32.139907,
OA95W6,OA,-32.144094,115.65739,115.65739,-32.144094,
OA95W8,OA,-32.147026,115.665946,115.665946,-32.147026,
OA95WA,OA,-32.149546,115.676629,115.676629,-32.149546,
OA95WC,OA,-32.149695,115.679659,115.679659,-32.149695,
OA95WE,CS,-32.15146,115.693291,115.693291,-32.15146,
OA95WG,CS,-32.150729,115.702865,115.702865,-32.150729,
OA95WI,CS,-32.151677,115.71003,115.71003,-32.151677,
OA95WK,CS,-32.151178,115.724893,115.724893,-32.151178,
OA95WM,CS,-32.151174,115.73978,115.73978,-32.151174,
OA98,NW,-32.139776,115.645823,115.645823,-32.139776,
PK10,OA,-32.14111,115.703489,115.703489,-32.14111,
PPS005,NW,-32.149124,115.392504,115.392504,-32.149124,
PPS010,W,-32.183443,115.416657,115.416657,-32.183443,
RC20,W,-32.167959,115.454847,115.454847,-32.167959,
ROTTO,NW,-32.005,115.52,115.52,-32.005,
SD10,SW,-32.259945,115.637322,115.637322,-32.259945,
SD20,NW,-32.06678,115.599993,115.599993,-32.06678,
SD30,NW,-32.066786,115.566656,115.566656,-32.066786,
SD40,NW,-32.116777,115.549987,115.549987,-32.116777,
SD50,NW,-32.126441,115.587825,115.587825,-32.126441,
SD55,NW,-32.133453,115.616658,115.616658,-32.133453,
SD60,NW,-32.133444,115.633323,115.633323,-32.133444,
SD9,SW,-32.338277,115.637329,115.637329,-32.338277,
S_G40,OA,-32.078778,115.699994,115.699994,-32.078778,
S_GLI,OA,-32.079109,115.702331,115.702331,-32.079109,
WP10,OA,-32.125107,115.716659,115.716659,-32.125107,
WP15,OA,-32.128941,115.716658,115.716658,-32.128941,
WP20,OA,-32.134281,115.716657,115.716657,-32.134281,
WP25,OA,-32.137113,115.71666,115.71666,-32.137113,
WP5,OA,-32.120109,115.716665,115.716665,-32.120109,
WS10,SW,-32.299282,115.68666,115.68666,-32.299282,
WS3,SW,-32.33661,115.698999,115.698999,-32.33661,
WS4,SW,-32.338275,115.720661,115.720661,-32.338275,
WS5,SW,-32.299278,115.696665,115.696665,-32.299278,
WS7,SW,-32.339948,115.738997,115.738997,-32.339948,
Y1,NW,-32.056275,115.721656,115.721656,-32.056275,
Y10,N,-31.877941,115.743324,115.743324,-31.877941,
Y11,N,-31.877275,115.731662,115.731662,-31.877275,
Y12,N,-31.87678,115.719162,115.719162,-31.87678,
Y13,N,-31.876776,115.698325,115.698325,-31.876776,
Y14,N,-31.877273,115.679162,115.679162,-31.877273,
Y15,N,-31.876778,115.646662,115.646662,-31.876778,
Y16,N,-31.876274,115.614162,115.614162,-31.876274,
Y17,N,-31.87594,115.584662,115.584662,-31.87594,
Y19,N,-31.920444,115.620322,115.620322,-31.920444,
Y2,NW,-32.028442,115.72216,115.72216,-32.028442,
Y21,N,-31.954615,115.646326,115.646326,-31.954615,
Y23,N,-31.985111,115.701328,115.701328,-31.985111,
Y24,NW,-32.000607,115.723329,115.723329,-32.000607,
Y25,NW,-32.009776,115.739993,115.739993,-32.009776,
Y25PK,NW,-32.001075,115.733993,115.733993,-32.001075,
Y26,NW,-32.013111,115.709159,115.709159,-32.013111,
Y26PK,NW,-32.001408,115.700907,115.700907,-32.001408,
Y27,NW,-32.016447,115.677498,115.677498,-32.016447,
Y27PK,NW,-32.00174,115.667748,115.667748,-32.00174,
Y28,NW,-32.020948,115.645827,115.645827,-32.020948,
Y28PK,NW,-32.017192,115.634575,115.634575,-32.017192,
Y29,NW,-32.026776,115.615828,115.615828,-32.026776,
Y29PK,NW,-32.017779,115.601575,115.601575,-32.017779,
Y3,NW,-32.009776,115.739993,115.739993,-32.009776,
Y30,NW,-32.035113,115.58333,115.58333,-32.035113,
Y30PK,NW,-32.033615,115.583322,115.583322,-32.033615,
Y31,NW,-32.04844,115.554158,115.554158,-32.04844,
Y31PK,NW,-32.034948,115.55041,115.55041,-32.034948,
Y32,NW,-32.059279,115.527994,115.527994,-32.059279,
Y32PK,NW,-32.051024,115.517789,115.517789,-32.051024,
Y33,NW,-32.07178,115.501659,115.501659,-32.07178,
Y33N10,NW,-32.041776,115.499988,115.499988,-32.041776,
Y33N15,NW,-32.025107,115.499995,115.499995,-32.025107,
Y33N5,NW,-32.058446,115.499991,115.499991,-32.058446,
Y33PK,NW,-32.067279,115.500154,115.500154,-32.067279,
Y34,NW,-32.085108,115.474159,115.474159,-32.085108,
Y34PK,NW,-32.083611,115.467414,115.467414,-32.083611,
Y35,NW,-32.098446,115.444987,115.444987,-32.098446,
Y35PK,NW,-32.08494,115.434494,115.434494,-32.08494,
Y35W1,NW,-32.099126,115.392512,115.392512,-32.099126,
Y35WPK,NW,-32.101126,115.416659,115.416659,-32.101126,
Y37,NW,-32.111777,115.506327,115.506327,-32.111777,
Y38,NW,-32.117607,115.537488,115.537488,-32.117607,
Y39,NW,-32.124274,115.568323,115.568323,-32.124274,
Y39.5BO,NW,-32.119726,115.569814,115.569814,-32.119726,
Y39BO,NW,-32.123444,115.580324,115.580324,-32.123444,
Y4,NW,-32.000607,115.723329,115.723329,-32.000607,
Y40,NW,-32.12928,115.591661,115.591661,-32.12928,
Y41,NW,-32.135113,115.618329,115.618329,-32.135113,
Y41BO,NW,-32.137616,115.635328,115.635328,-32.137616,
Y42,NW,-32.140949,115.645827,115.645827,-32.140949,
Y42BO,OA,-32.143445,115.658322,115.658322,-32.143445,
Y5,N,-31.973945,115.725497,115.725497,-31.973945,
Y6,N,-31.947273,115.726659,115.726659,-31.947273,
Y7,N,-31.939614,115.747489,115.747489,-31.939614,
Y8,N,-31.920447,115.727822,115.727822,-31.920447,
Y9,N,-31.893443,115.729156,115.729156,-31.893443,
YMILLE,NW,-32.02011,115.625828,115.625828,-32.02011,
YMILLW,NW,-32.022608,115.616664,115.616664,-32.022608,
