station,region,n,field_dep,mdl_near,mismatch,adj_dep,adj_off_m,adj_lon,adj_lat
AJ10,CS,2,20.7,12.9,7.8,16.4,274,115.6841,-32.1779
CG5,NW,9,16.8,11.2,5.7,12.4,125,115.7422,-32.0162
CMCS3,CS,1,20.5,21.4,-0.9,20.5,235,115.6967,-32.1955
CMP0,CS,2,18.0,18.6,-0.7,18.4,201,115.732,-32.177
CMP1,CS,3,9.0,9.5,-0.5,9.4,192,115.7501,-32.1766
CMP2,CS,3,10.1,9.6,0.5,10.1,251,115.7597,-32.1748
CMP4S,CS,3,4.9,18.2,-13.3,17.5,191,115.7086,-32.2352
CS10,OA,29,11.1,9.7,1.4,10.6,197,115.6689,-32.1468
CS100,CS,16,18.6,17.5,1.1,18.5,265,115.7115,-32.2343
CS100W,CS,1,17.9,19.6,-1.8,19.1,265,115.7375,-32.233
CS105,CS,54,20.4,20.0,0.5,20.4,150,115.7257,-32.2355
CS108,CS,4,3.9,4.9,-1.0,3.9,265,115.7074,-32.2454
CS10S,OA,1,5.0,7.3,-2.2,5.2,141,115.6661,-32.1539
CS11,OA,2,25.7,11.5,14.2,20.1,277,115.687,-32.1472
CS110,CS,10,17.2,18.2,-1.0,17.1,283,115.7498,-32.2354
CS110W,CS,1,17.6,19.4,-1.8,18.9,227,115.7384,-32.2326
CS112,CS,12,17.2,8.0,9.1,15.2,260,115.71,-32.239
CS112A,CS,4,18.3,18.0,0.3,18.1,161,115.7189,-32.2396
CS115,CS,6,17.4,16.9,0.6,16.9,199,115.7531,-32.2413
CS118,CS,3,7.4,6.9,0.5,7.2,280,115.7415,-32.2591
CS119,CS,2,18.9,19.5,-0.6,19.0,273,115.7389,-32.2587
CS12,OA,35,25.7,8.7,17.0,9.7,243,115.6745,-32.1479
CS120,CS,12,20.2,20.1,0.1,20.2,91,115.7297,-32.254
CS123,CS,1,5.3,6.9,-1.6,5.5,97,115.7417,-32.2613
CS125,CS,15,19.4,19.3,0.1,19.4,235,115.7271,-32.2651
CS130,CS,7,17.7,16.4,1.2,17.7,284,115.7116,-32.2648
CS135,CS,40,6.0,3.9,2.1,6.2,202,115.7027,-32.2472
CS140,CS,6,3.9,4.5,-0.6,3.9,217,115.7007,-32.2483
CS145,SW,16,8.8,7.5,1.3,8.6,235,115.6821,-32.256
CS15,OA,35,21.5,19.7,1.8,20.9,253,115.6879,-32.1498
CS150,SW,17,18.7,14.2,4.4,16.4,252,115.664,-32.255
CS150S,SW,1,19.9,20.0,-0.0,20.0,23,115.6574,-32.2709
CS151,SW,2,20.4,15.5,4.9,17.2,277,115.6637,-32.2652
CS155,CS,39,18.4,11.6,6.8,18.5,288,115.7236,-32.2458
CS16,CS,2,20.0,19.4,0.6,19.8,269,115.6847,-32.1617
CS160,W,9,6.6,0.2,6.4,5.0,204,115.6799,-32.1899
CS161,CS,10,16.5,4.3,12.2,9.6,212,115.6833,-32.1901
CS165,CS,14,18.0,15.8,2.2,18.2,300,115.6889,-32.1907
CS17,CS,5,19.7,18.6,1.1,19.7,206,115.6847,-32.1637
CS170,CS,15,20.9,17.5,3.4,18.5,282,115.6884,-32.1888
CS175,CS,33,18.8,18.6,0.2,18.8,240,115.7294,-32.1877
CS175E,CS,1,6.4,8.4,-2.0,7.1,280,115.7426,-32.1898
CS18,CS,24,22.0,21.2,0.9,21.6,262,115.6964,-32.1522
CS180,CS,24,13.1,12.5,0.6,13.0,274,115.7702,-32.1874
CS185,CS,10,10.9,11.1,-0.2,10.9,209,115.7715,-32.1846
CS186,CS,3,6.0,10.7,-4.7,7.2,189,115.7695,-32.1755
CS20,CS,68,21.2,20.5,0.7,21.0,229,115.7033,-32.1491
CS203,CS,2,16.4,17.0,-0.5,16.3,299,115.7096,-32.2637
CS205,CS,2,18.1,18.2,-0.1,18.2,49,115.717,-32.2605
CS207,CS,2,17.4,16.4,1.0,17.4,213,115.7217,-32.2576
CS209,CS,3,17.3,12.5,4.8,17.5,268,115.7179,-32.2411
CS20A,OA,29,20.0,17.4,2.6,19.5,272,115.7036,-32.1395
CS20B,CS,5,19.0,19.8,-0.8,19.6,167,115.7061,-32.1456
CS20BN,OA,1,18.8,18.6,0.2,18.8,87,115.7033,-32.1387
CS20C,CS,1,20.8,20.8,-0.0,20.8,94,115.7083,-32.1586
CS20D,CS,1,21.5,21.4,0.1,21.4,73,115.7035,-32.1508
CS211,CS,1,16.0,5.4,10.6,15.2,202,115.71,-32.239
CS213,CS,1,15.3,9.7,5.5,15.6,300,115.7012,-32.2367
CS215,CS,1,13.9,6.7,7.3,13.8,278,115.6969,-32.2387
CS219,CS,1,4.0,2.5,1.5,4.0,150,115.7033,-32.2518
CS22,CS,5,19.3,19.8,-0.4,19.3,300,115.7216,-32.1454
CS221,CS,3,4.3,1.5,2.8,4.3,210,115.7048,-32.2585
CS223,CS,2,3.1,2.0,1.1,3.1,254,115.6979,-32.2663
CS226,CS,9,16.5,15.9,0.6,16.4,170,115.7,-32.2336
CS227,CS,1,17.6,16.4,1.2,17.4,158,115.7042,-32.2337
CS229,CS,1,19.2,19.8,-0.6,19.3,241,115.725,-32.2433
CS22A,CS,11,20.1,19.7,0.4,20.1,287,115.7125,-32.1496
CS22N,OA,1,18.8,19.4,-0.6,18.8,248,115.715,-32.1392
CS22NW,OA,1,19.6,20.3,-0.7,19.6,262,115.7088,-32.1402
CS231,CS,1,18.8,19.8,-0.9,19.3,249,115.7253,-32.2586
CS233,CS,3,20.0,17.9,2.1,19.3,297,115.72,-32.2678
CS233A,CS,1,16.3,-0.2,16.5,15.9,235,115.7217,-32.2747
CS235,CS,1,18.8,15.3,3.5,18.9,165,115.7157,-32.2654
CS23S,CS,1,18.4,19.2,-0.8,18.6,261,115.7275,-32.1423
CS25,CS,28,20.2,18.7,1.4,19.3,291,115.7215,-32.1518
CS25A,CS,1,19.7,19.4,0.3,19.5,297,115.7169,-32.1515
CS26,CS,7,10.7,13.2,-2.5,10.5,251,115.7357,-32.1514
CS27,CS,16,17.0,13.2,3.8,17.3,151,115.7315,-32.1504
CS27A,CS,1,10.7,11.0,-0.2,10.7,125,115.741,-32.1507
CS27N,CS,1,13.8,11.7,2.1,12.4,147,115.7334,-32.1446
CS28,CS,9,11.5,11.0,0.5,11.0,230,115.7375,-32.1501
CS28N,CS,1,10.4,11.3,-0.8,10.9,299,115.7424,-32.1446
CS30,CS,23,21.2,9.4,11.8,10.7,290,115.7535,-32.1495
CS35,CS,6,10.6,10.5,0.0,10.6,285,115.7416,-32.1674
CS4,CS,4,25.7,21.0,4.7,21.7,281,115.7037,-32.1569
CS40,CS,7,19.0,18.8,0.2,19.0,191,115.7289,-32.1662
CS45,CS,54,21.0,20.9,0.0,20.9,44,115.7091,-32.1677
CS45NE,CS,2,20.5,20.2,0.4,20.5,231,115.7094,-32.1602
CS46,CS,2,20.3,20.8,-0.5,20.4,289,115.7134,-32.1723
CS46.5,CS,1,19.3,20.7,-1.3,20.4,230,115.7154,-32.1786
CS47,CS,3,21.3,20.5,0.9,21.3,286,115.7108,-32.1834
CS47A,CS,2,21.1,21.6,-0.5,21.2,295,115.6912,-32.1698
CS5,OA,27,12.2,9.3,2.9,10.3,205,115.6569,-32.1457
CS50,CS,36,21.2,19.8,1.4,21.3,298,115.6968,-32.1886
CS52,CS,11,23.2,22.5,0.7,22.8,263,115.7051,-32.1911
CS53,CS,1,21.7,22.5,-0.8,21.6,250,115.709,-32.1887
CS55,CS,109,20.6,20.4,0.2,20.6,220,115.713,-32.1858
CS58,CS,1,20.3,20.9,-0.6,20.3,223,115.7189,-32.2014
CS6,CS,3,25.8,11.1,14.7,11.1,132,115.7541,-32.1474
CS60,CS,33,9.5,9.3,0.2,9.4,121,115.7483,-32.1873
CS65,CS,36,14.7,8.4,6.3,10.0,284,115.7641,-32.1869
CS7,OA,1,11.0,10.8,0.2,10.8,120,115.6672,-32.1443
CS70,CS,1,9.4,10.4,-1.0,9.6,297,115.7711,-32.1965
CS70M,CS,1,9.5,10.5,-1.0,9.6,248,115.7711,-32.1965
CS75,CS,4,12.4,10.7,1.7,12.4,189,115.7573,-32.2091
CS7N,OA,1,11.2,9.0,2.2,9.4,288,115.6814,-32.1425
CS80,CS,5,14.3,15.2,-0.9,14.3,195,115.7446,-32.2065
CS85,CS,49,22.0,21.1,0.9,21.8,228,115.7178,-32.2096
CS85A,CS,1,19.7,20.3,-0.6,20.1,285,115.7188,-32.2245
CS88,CS,10,20.8,20.3,0.5,20.4,294,115.7223,-32.2206
CS9,CS,2,25.7,10.4,15.3,13.6,286,115.7548,-32.2064
CS90,CS,6,15.8,7.7,8.2,16.3,210,115.7005,-32.222
CS95,CS,8,14.9,12.7,2.2,14.8,222,115.6927,-32.2337
CS98,CS,2,19.2,19.3,-0.1,19.2,236,115.7051,-32.2293
CS99,CS,1,18.4,18.8,-0.4,18.3,174,115.7028,-32.2308
DEV01,OA,1,19.8,17.4,2.4,19.4,101,115.6877,-32.1426
DEV04,CS,2,20.1,19.5,0.6,19.8,232,115.6862,-32.1538
DEV05,CS,2,19.5,21.0,-1.5,20.4,183,115.6868,-32.1579
GI1,NW,4,18.0,21.2,-3.2,21.1,285,115.6249,-32.1313
GI14,W,4,32.0,31.8,0.2,31.8,174,115.5827,-32.227
GI15,SW,22,35.9,11.7,24.2,16.2,294,115.6128,-32.2494
GI16,SW,20,14.8,11.0,3.9,14.9,264,115.6271,-32.2519
GI17,SW,21,21.9,20.8,1.1,21.2,134,115.6346,-32.2496
GI18,SW,21,36.0,22.6,13.3,23.6,291,115.6503,-32.2497
GI19,SW,16,35.9,13.9,22.0,15.1,235,115.6645,-32.2491
GI2,NW,3,8.0,9.9,-1.9,9.9,93,115.6064,-32.1326
GI20,SW,1,12.0,10.6,1.4,11.9,157,115.6739,-32.2515
GI21,W,4,20.0,21.8,-1.8,20.5,290,115.6387,-32.2342
GI22,W,3,20.0,21.1,-1.1,20.9,293,115.6337,-32.2084
GI23,W,4,20.0,20.7,-0.7,20.4,217,115.6296,-32.1834
GI24,W,3,18.0,20.4,-2.4,20.2,171,115.6293,-32.1566
GI3,NW,5,12.0,13.1,-1.1,13.1,160,115.5965,-32.1329
GI30,SW,18,36.0,27.1,8.9,27.1,100,115.5992,-32.2495
GI35,SW,17,35.2,32.3,2.9,32.3,241,115.5607,-32.2494
GI4,NW,3,18.0,24.8,-6.8,24.8,39,115.5858,-32.1331
MF10,OA,1,20.4,20.6,-0.2,20.5,220,115.6931,-32.1466
MF15,CS,1,21.0,21.1,-0.2,21.1,79,115.69,-32.1549
MF20,OA,1,20.4,5.7,14.7,6.7,300,115.6846,-32.0937
MF25,CS,1,5.9,3.1,2.8,5.9,269,115.6779,-32.1652
MF5,CS,2,21.5,15.6,6.0,19.4,241,115.6838,-32.1601
ML01,OA,4,7.0,8.0,-1.0,7.4,216,115.6907,-32.133
ML01NW,OA,1,6.3,7.0,-0.7,6.2,199,115.6943,-32.129
ML01W,OA,1,7.4,7.9,-0.5,7.6,221,115.6873,-32.1321
MN100,SW,7,63.9,21.0,42.8,21.8,220,115.6523,-32.3133
MN105,SW,8,24.0,23.3,0.7,23.7,211,115.6486,-32.2933
MN110,SW,7,22.0,22.6,-0.6,22.3,187,115.652,-32.2666
MN13,S,2,15.0,14.3,0.7,14.9,221,115.7077,-32.449
MN2,S,2,12.0,12.7,-0.7,12.7,139,115.696,-32.4992
MN20,S,1,16.0,12.6,3.4,14.8,133,115.6693,-32.4326
MN25,SW,8,26.5,14.3,12.2,18.0,242,115.6395,-32.3321
MN26,SW,7,27.0,25.9,1.1,26.3,274,115.6178,-32.3312
MN3,S,2,11.0,11.5,-0.5,11.5,138,115.701,-32.5114
MN31,SW,9,18.0,16.8,1.2,17.7,294,115.6723,-32.3321
MN32,SW,10,27.3,11.5,15.9,11.9,170,115.6984,-32.3331
MN33,SW,9,36.0,17.9,18.1,18.5,286,115.7141,-32.332
MN34,SW,10,19.0,18.4,0.6,18.8,182,115.738,-32.3319
MN35,SW,10,35.9,8.2,27.7,14.5,220,115.7079,-32.3226
MN36,S,8,36.0,6.2,29.7,8.2,167,115.7107,-32.3487
MN4,S,2,8.0,6.1,1.9,8.7,274,115.7093,-32.5103
MN45,SW,8,20.0,19.7,0.3,19.9,196,115.6481,-32.3342
MN49,SW,8,10.1,9.7,0.4,9.7,50,115.6828,-32.2536
MN50,SW,1,16.0,15.0,1.0,16.0,206,115.6645,-32.2534
MN55,SW,1,22.0,22.6,-0.6,22.3,187,115.652,-32.2666
MN60,SW,2,22.0,21.5,0.5,21.8,292,115.6521,-32.2982
MN65,S,2,23.0,22.5,0.5,22.8,262,115.6575,-32.359
MN70,S,1,19.0,18.4,0.6,18.6,226,115.66,-32.3986
MN72,S,1,14.0,13.9,0.1,13.9,94,115.6492,-32.434
MN75,S,2,10.0,13.6,-3.6,12.9,148,115.6943,-32.4156
MN80,S,2,13.0,10.8,2.2,11.8,278,115.719,-32.4191
MN88,SW,5,34.0,26.4,7.6,26.4,154,115.5933,-32.292
MN9,S,2,13.0,12.8,0.2,13.2,199,115.6999,-32.4817
MN90,SW,7,36.0,26.0,10.0,26.0,231,115.5938,-32.3344
MN95,SW,6,16.0,15.6,0.4,15.6,136,115.6292,-32.3324
MS11,SW,3,32.0,27.4,4.6,27.4,99,115.5946,-32.2607
MS12,SW,2,35.0,25.8,9.2,25.8,97,115.593,-32.3383
ND01,OA,3,4.6,14.8,-10.2,11.7,248,115.7097,-32.1265
OA10,NW,44,28.7,8.6,20.2,16.0,231,115.7326,-32.0543
OA100,OA,2,12.7,12.4,0.3,12.8,262,115.719,-32.1167
OA15,NW,23,16.4,16.4,-0.0,16.4,37,115.7156,-32.059
OA20,NW,28,17.6,17.1,0.5,17.3,174,115.714,-32.0652
OA25,OA,24,19.8,5.8,14.0,6.3,207,115.7139,-32.0944
OA25E,OA,1,3.2,3.7,-0.5,3.3,196,115.7347,-32.0898
OA25N,OA,1,6.7,5.9,0.8,6.3,137,115.7223,-32.081
OA25S,OA,1,4.5,5.9,-1.3,5.5,290,115.7158,-32.0921
OA27,OA,1,9.1,12.4,-3.2,8.6,193,115.7121,-32.1
OA30,OA,13,14.9,5.3,9.6,14.0,270,115.6933,-32.0835
OA30A,OA,2,14.5,12.6,1.8,14.6,290,115.6943,-32.0933
OA30N,OA,1,5.2,6.7,-1.5,5.1,200,115.6906,-32.0852
OA30S,OA,11,15.6,13.0,2.7,15.8,148,115.6964,-32.1028
OA30W,OA,1,6.4,6.3,0.1,6.4,123,115.6731,-32.0789
OA31,OA,11,15.3,5.3,10.0,15.5,288,115.6922,-32.0784
OA32,OA,4,14.6,9.3,5.3,14.5,273,115.6895,-32.0704
OA33,NW,16,16.5,13.2,3.3,15.1,195,115.6882,-32.0633
OA33W,NW,1,14.4,13.6,0.7,14.3,229,115.6814,-32.0607
OA35,OA,5,7.8,9.2,-1.4,7.1,277,115.6562,-32.0803
OA36N,NW,2,14.6,13.8,0.8,13.9,217,115.6606,-32.058
OA40,OA,4,13.4,10.4,2.9,10.7,153,115.6351,-32.0783
OA45,NW,5,20.5,20.1,0.4,20.4,275,115.6159,-32.0802
OA5,OA,10,7.8,5.6,2.2,7.3,216,115.731,-32.069
OA50,NW,6,18.8,18.8,-0.0,18.8,149,115.6155,-32.0996
OA55,OA,5,10.5,10.6,-0.1,10.6,130,115.6408,-32.0996
OA60,OA,9,9.1,9.3,-0.3,9.2,193,115.6633,-32.1048
OA62,OA,3,14.7,9.3,5.4,13.0,285,115.686,-32.1075
OA62S,OA,1,4.5,5.0,-0.5,4.5,299,115.6806,-32.1239
OA63,OA,2,15.3,7.6,7.6,11.0,264,115.6934,-32.1123
OA64,OA,2,14.2,13.8,0.4,14.3,169,115.6964,-32.1107
OA64CM,OA,1,8.4,14.4,-6.0,9.7,290,115.6964,-32.1131
OA65,OA,37,15.6,14.3,1.3,15.5,126,115.7062,-32.1104
OA68,OA,4,15.4,15.4,0.0,15.4,91,115.7216,-32.1114
OA68E,OA,1,9.0,9.0,-0.1,9.0,56,115.7329,-32.1114
OA69,OA,2,8.7,9.8,-1.1,9.0,260,115.7329,-32.1114
OA70,OA,12,15.2,8.4,6.8,8.7,185,115.7439,-32.1096
OA70SW,OA,1,12.9,7.8,5.0,11.3,298,115.73,-32.1206
OA71,OA,2,8.6,8.8,-0.3,8.3,268,115.7599,-32.1136
OA72,OA,5,15.0,14.6,0.4,15.0,209,115.6998,-32.1176
OA72A,OA,18,15.6,5.7,9.8,14.0,278,115.701,-32.1232
OA72N,OA,6,14.7,11.3,3.4,14.6,240,115.6972,-32.1108
OA72W,OA,6,14.8,11.3,3.5,14.7,168,115.7004,-32.1204
OA75,OA,9,4.2,4.6,-0.5,4.1,196,115.7218,-32.1308
OA80,OA,41,15.0,7.9,7.2,13.1,290,115.7036,-32.1295
OA802,CS,1,7.0,21.8,-14.8,21.2,204,115.6975,-32.1471
OA804,OA,1,18.4,19.7,-1.3,18.5,252,115.6994,-32.1381
OA807,OA,1,20.5,20.9,-0.4,20.5,220,115.6931,-32.1466
OA809,CS,1,20.8,20.7,0.0,20.8,262,115.6897,-32.1534
OA810,CS,1,21.1,19.1,2.0,20.5,168,115.6866,-32.1594
OA812,CS,1,18.8,14.9,3.9,18.8,271,115.6845,-32.1657
OA814,W,1,3.5,-1.0,4.5,5.3,189,115.6787,-32.1739
OA81A,OA,3,18.7,19.1,-0.4,18.9,295,115.6957,-32.1407
OA81B,OA,1,17.3,18.9,-1.6,17.4,222,115.7034,-32.1374
OA81C,OA,2,17.1,18.8,-1.7,17.1,257,115.7055,-32.1372
OA81D,OA,1,14.8,17.1,-2.3,14.7,155,115.7051,-32.1362
OA81E,OA,1,11.2,14.3,-3.1,10.8,141,115.7072,-32.1362
OA81G,OA,1,13.9,9.3,4.7,13.7,171,115.7033,-32.1335
OA81H,OA,1,4.7,12.2,-7.6,7.3,184,115.7056,-32.134
OA85,OA,17,9.1,9.2,-0.2,9.1,234,115.679,-32.1367
OA85A,OA,4,8.9,9.0,-0.1,9.0,193,115.6838,-32.142
OA85B,OA,5,19.5,16.9,2.6,20.1,219,115.687,-32.1472
OA85N,OA,2,5.2,4.5,0.6,5.0,105,115.6804,-32.1208
OA88,OA,2,10.2,10.1,0.2,10.1,104,115.669,-32.1364
OA90,OA,10,10.5,10.7,-0.2,10.7,110,115.6592,-32.1377
OA95,NW,15,20.6,19.9,0.7,20.8,228,115.6329,-32.138
OA95W,NW,6,21.5,21.2,0.3,21.2,150,115.63,-32.1366
OA95W2,NW,1,16.8,17.6,-0.8,16.7,230,115.6389,-32.1416
OA95W4,NW,1,11.8,11.1,0.7,11.7,286,115.6441,-32.1398
OA95W6,OA,1,9.3,9.9,-0.6,9.3,159,115.6591,-32.1438
OA95W8,OA,1,9.7,9.4,0.3,9.7,197,115.6645,-32.1457
OA95WA,OA,1,8.9,8.7,0.2,8.8,277,115.6789,-32.148
OA95WC,OA,1,7.9,7.8,0.1,7.8,67,115.6803,-32.15
OA95WE,CS,1,21.5,21.2,0.3,21.5,145,115.6948,-32.1514
OA95WG,CS,1,20.5,21.4,-0.9,20.5,218,115.7051,-32.1502
OA95WI,CS,1,20.7,20.4,0.3,20.7,216,115.7084,-32.1531
OA95WK,CS,1,19.0,18.7,0.2,19.0,279,115.7259,-32.1488
OA95WM,CS,1,10.6,11.0,-0.4,10.5,187,115.7411,-32.1525
OA98,NW,8,12.0,9.8,2.2,12.0,290,115.6469,-32.1373
PK10,OA,7,20.4,20.2,0.2,20.4,138,115.7048,-32.1416
SD10,SW,2,25.6,21.5,4.2,22.8,297,115.6404,-32.2607
SD20,NW,2,21.1,20.7,0.4,20.7,223,115.5978,-32.0676
SD30,NW,1,25.5,25.9,-0.4,25.9,248,115.5643,-32.0679
SD50,NW,2,22.6,20.3,2.3,22.7,298,115.5873,-32.1291
SD55,NW,2,22.4,21.6,0.8,22.4,288,115.6167,-32.136
SD60,NW,2,20.5,20.4,0.1,20.5,165,115.6328,-32.132
SD9,SW,2,25.6,11.1,14.4,13.0,193,115.6392,-32.339
S_G40,OA,1,6.1,14.0,-7.9,13.7,289,115.6976,-32.0804
S_GLI,OA,1,9.5,14.4,-4.9,14.0,228,115.7005,-32.0805
WP10,OA,1,3.8,6.4,-2.6,3.8,299,115.7176,-32.1225
WP15,OA,1,13.4,14.9,-1.5,13.4,291,115.716,-32.1264
WP20,OA,1,3.8,5.9,-2.0,4.2,279,115.7191,-32.1358
WP25,OA,1,9.5,8.4,1.2,8.4,72,115.716,-32.1369
WP5,OA,1,4.8,4.5,0.3,4.9,193,115.7147,-32.1207
WS10,SW,2,25.7,6.3,19.4,10.9,277,115.6844,-32.2977
WS3,SW,2,25.7,13.0,12.6,13.0,131,115.7002,-32.336
WS4,SW,1,25.7,17.2,8.6,17.3,174,115.7221,-32.3373
WS5,SW,1,3.1,4.0,-0.9,3.3,236,115.696,-32.3013
WS7,SW,2,25.8,18.2,7.6,18.5,142,115.7389,-32.3387
Y1,NW,8,23.2,13.9,9.4,16.1,235,115.724,-32.0556
Y11,N,4,36.1,13.5,22.6,13.5,174,115.732,-31.8757
Y12,N,3,36.1,14.0,22.1,14.0,286,115.7189,-31.8742
Y15,N,2,36.0,27.6,8.3,27.6,145,115.6471,-31.8755
Y16,N,3,37.6,30.1,7.5,30.1,247,115.616,-31.8747
Y19,N,3,41.7,30.3,11.4,30.3,283,115.6199,-31.923
Y2,NW,7,27.7,16.0,11.7,16.5,265,115.7207,-32.0264
Y21,N,4,36.0,24.1,11.9,24.1,193,115.6466,-31.9563
Y23,N,3,35.9,15.4,20.6,15.4,177,115.6999,-31.9841
Y24,NW,1,14.1,12.0,2.1,12.0,165,115.7217,-32.001
Y25,NW,12,36.1,13.0,23.1,13.0,148,115.741,-32.0108
Y25PK,NW,1,9.8,9.8,-0.0,9.8,9,115.7339,-32.001
Y26,NW,15,36.0,17.6,18.4,17.6,82,115.7084,-32.0128
Y26PK,NW,1,14.6,15.4,-0.7,15.4,32,115.7012,-32.0013
Y27,NW,19,36.0,19.4,16.7,20.0,276,115.6792,-32.0185
Y27PK,NW,2,12.8,13.0,-0.2,12.7,223,115.6661,-32.0032
Y28,NW,18,36.0,10.4,25.5,13.2,246,115.6484,-32.0213
Y28PK,NW,1,9.2,8.8,0.4,9.2,286,115.6367,-32.019
Y29,NW,18,36.0,10.4,25.6,11.0,277,115.6129,-32.027
Y29PK,NW,1,8.8,9.3,-0.5,8.9,269,115.6034,-32.0197
Y3,NW,12,36.1,13.0,23.1,13.0,148,115.741,-32.0108
Y30,NW,17,36.0,19.9,16.1,19.9,104,115.5829,-32.036
Y30PK,NW,1,17.4,18.1,-0.8,18.1,133,115.5847,-32.0337
Y31,NW,21,42.9,27.3,15.6,27.3,205,115.552,-32.0487
Y31PK,NW,1,23.2,23.4,-0.3,23.4,172,115.5496,-32.0363
Y32,NW,16,56.5,31.2,25.2,31.2,74,115.5288,-32.0593
Y32PK,NW,1,35.8,31.8,4.0,31.8,233,115.5154,-32.0505
Y33N10,NW,5,34.8,32.9,1.9,32.9,132,115.5012,-32.0412
Y33N15,NW,4,26.1,21.0,5.0,21.0,36,115.4996,-32.0251
Y35WPK,NW,1,46.7,45.2,1.5,45.2,231,115.4144,-32.1003
Y38,NW,3,47.1,31.8,15.3,31.8,77,115.5382,-32.118
Y39,NW,6,55.1,33.9,21.2,33.9,297,115.5692,-32.1268
Y39.5BO,NW,1,35.3,34.0,1.3,34.0,253,115.5673,-32.1205
Y39BO,NW,2,29.5,29.4,0.2,29.4,45,115.5798,-32.1234
Y4,NW,2,16.1,12.0,4.1,12.0,165,115.7217,-32.001
Y40,NW,5,35.9,17.8,18.1,19.8,193,115.5904,-32.1306
Y41,NW,6,36.0,22.0,14.0,22.4,181,115.6167,-32.136
Y41BO,NW,1,19.3,19.9,-0.7,19.2,216,115.6361,-32.1358
Y42,NW,4,36.0,9.8,26.2,13.9,291,115.6427,-32.1411
Y42BO,OA,1,8.6,9.3,-0.7,9.0,240,115.6588,-32.1456
Y5,N,5,36.1,12.9,23.2,13.3,239,115.723,-31.9735
Y6,N,5,36.1,13.5,22.7,13.5,116,115.7255,-31.947
Y7,N,5,36.1,10.0,26.1,10.1,281,115.7468,-31.9371
Y8,N,5,36.1,14.9,21.2,14.9,242,115.7276,-31.9226
Y9,N,3,36.1,17.5,18.6,17.5,109,115.7281,-31.8937
YMILLE,NW,1,8.4,9.4,-1.0,8.7,266,115.627,-32.0179
YMILLW,NW,1,8.4,9.3,-0.9,8.9,212,115.6155,-32.021
