time,u,v,speed,dir
1991-07-18T00:00:00,7.75,2.781,8.234,250.3
1991-07-18T01:00:00,7.438,3.25,8.117,246.4
1991-07-18T02:00:00,7.688,3.469,8.434,245.7
1991-07-18T03:00:00,8.125,4.125,9.112,243.1
1991-07-18T04:00:00,7.688,4.328,8.822,240.6
1991-07-18T05:00:00,6.812,4.266,8.038,237.9
1991-07-18T06:00:00,6.312,4.25,7.61,236.1
1991-07-18T07:00:00,6.438,4.109,7.637,237.4
1991-07-18T08:00:00,6.0,4.609,7.566,232.5
1991-07-18T09:00:00,4.812,5.219,7.099,222.7
1991-07-18T10:00:00,5.062,5.016,7.126,225.3
1991-07-18T11:00:00,5.312,5.156,7.403,225.9
1991-07-18T12:00:00,4.438,5.562,7.116,218.6
1991-07-18T13:00:00,4.188,5.094,6.594,219.4
1991-07-18T14:00:00,4.062,4.969,6.418,219.3
1991-07-18T15:00:00,0.188,2.687,2.694,184.0
1991-07-18T16:00:00,-3.438,0.344,3.455,95.7
1991-07-18T17:00:00,-3.0,1.375,3.3,114.6
1991-07-18T18:00:00,-2.375,3.734,4.426,147.5
1991-07-18T19:00:00,-2.812,5.172,5.887,151.5
1991-07-18T20:00:00,-3.438,4.875,5.965,144.8
1991-07-18T21:00:00,-3.562,4.688,5.888,142.8
1991-07-18T22:00:00,-3.75,4.219,5.645,138.4
1991-07-18T23:00:00,-3.688,3.75,5.259,135.5
1991-07-19T00:00:00,-3.375,3.735,5.034,137.9
1991-07-19T01:00:00,-3.188,3.547,4.769,138.1
1991-07-19T02:00:00,-3.562,4.0,5.357,138.3
1991-07-19T03:00:00,-3.438,3.688,5.041,137.0
1991-07-19T04:00:00,-3.062,3.0,4.287,134.4
1991-07-19T05:00:00,-2.812,4.203,5.057,146.2
1991-07-19T06:00:00,-3.188,4.953,5.89,147.2
1991-07-19T07:00:00,-4.188,4.313,6.011,135.8
1991-07-19T08:00:00,-4.75,4.063,6.25,130.5
1991-07-19T09:00:00,-5.25,3.891,6.535,126.5
1991-07-19T10:00:00,-5.625,3.141,6.442,119.2
1991-07-19T11:00:00,-4.938,3.5,6.052,125.3
1991-07-19T12:00:00,-3.688,4.344,5.698,139.7
1991-07-19T13:00:00,-3.75,4.281,5.691,138.8
1991-07-19T14:00:00,-3.938,5.188,6.513,142.8
1991-07-19T15:00:00,-2.188,7.828,8.128,164.4
1991-07-19T16:00:00,-0.562,9.985,10.0,176.8
1991-07-19T17:00:00,-0.438,10.75,10.759,177.7
1991-07-19T18:00:00,-0.688,11.203,11.224,176.5
1991-07-19T19:00:00,-0.562,11.688,11.701,177.2
1991-07-19T20:00:00,-0.062,12.61,12.61,179.7
1991-07-19T21:00:00,0.5,13.484,13.494,182.1
1991-07-19T22:00:00,0.625,13.688,13.702,182.6
1991-07-19T23:00:00,0.25,13.516,13.518,181.1
1991-07-20T00:00:00,0.5,13.391,13.4,182.1
1991-07-20T01:00:00,1.062,13.188,13.23,184.6
1991-07-20T02:00:00,1.062,12.734,12.779,184.8
1991-07-20T03:00:00,0.625,10.281,10.3,183.5
1991-07-20T04:00:00,-0.312,7.953,7.959,177.7
1991-07-20T05:00:00,-0.875,9.156,9.198,174.5
1991-07-20T06:00:00,-0.5,10.422,10.434,177.3
1991-07-20T07:00:00,0.062,10.562,10.563,180.3
1991-07-20T08:00:00,0.375,10.687,10.694,182.0
1991-07-20T09:00:00,-0.125,9.516,9.516,179.2
1991-07-20T10:00:00,-0.688,7.875,7.905,175.0
1991-07-20T11:00:00,-1.0,6.844,6.916,171.7
1991-07-20T12:00:00,-2.125,5.688,6.072,159.5
1991-07-20T13:00:00,-2.438,5.563,6.073,156.3
1991-07-20T14:00:00,-1.438,6.453,6.611,167.4
1991-07-20T15:00:00,-1.0,6.203,6.283,170.8
1991-07-20T16:00:00,-0.875,5.422,5.492,170.8
1991-07-20T17:00:00,-0.75,5.266,5.319,171.9
1991-07-20T18:00:00,-0.688,5.156,5.202,172.4
1991-07-20T19:00:00,-0.812,5.797,5.854,172.0
1991-07-20T20:00:00,-0.938,6.719,6.784,172.1
1991-07-20T21:00:00,-1.062,7.016,7.096,171.4
1991-07-20T22:00:00,-1.0,7.313,7.381,172.2
1991-07-20T23:00:00,-0.5,7.969,7.985,176.4
1991-07-21T00:00:00,-0.312,8.234,8.24,177.8
1991-07-21T01:00:00,-0.5,7.766,7.782,176.3
1991-07-21T02:00:00,-0.625,7.625,7.651,175.3
1991-07-21T03:00:00,-0.25,7.047,7.051,178.0
1991-07-21T04:00:00,0.25,6.563,6.567,182.2
1991-07-21T05:00:00,0.438,6.719,6.733,183.7
1991-07-21T06:00:00,0.0,6.375,6.375,180.0
1991-07-21T07:00:00,-0.438,5.938,5.954,175.8
1991-07-21T08:00:00,-0.562,5.75,5.777,174.4
1991-07-21T09:00:00,0.188,5.703,5.706,181.9
1991-07-21T10:00:00,0.125,6.5,6.501,181.1
1991-07-21T11:00:00,-1.438,6.844,6.993,168.1
1991-07-21T12:00:00,-1.875,5.875,6.167,162.3
1991-07-21T13:00:00,-1.812,5.281,5.584,161.1
1991-07-21T14:00:00,-1.75,5.391,5.668,162.0
1991-07-21T15:00:00,-1.5,5.078,5.295,163.5
1991-07-21T16:00:00,-1.562,4.282,4.558,160.0
1991-07-21T17:00:00,-1.688,3.891,4.241,156.6
1991-07-21T18:00:00,-1.5,3.781,4.068,158.4
1991-07-21T19:00:00,-1.562,3.485,3.819,155.8
1991-07-21T20:00:00,-1.562,3.391,3.733,155.3
1991-07-21T21:00:00,-1.062,4.188,4.32,165.8
1991-07-21T22:00:00,-0.938,4.828,4.918,169.0
1991-07-21T23:00:00,-1.438,4.75,4.963,163.2
1991-07-22T00:00:00,-1.875,4.141,4.546,155.6
1991-07-22T01:00:00,-1.812,3.422,3.872,152.1
1991-07-22T02:00:00,-1.688,3.141,3.565,151.8
1991-07-22T03:00:00,-1.562,2.734,3.149,150.3
1991-07-22T04:00:00,-1.5,2.219,2.678,145.9
1991-07-22T05:00:00,-1.625,1.469,2.19,132.1
1991-07-22T06:00:00,-0.75,0.547,0.928,126.1
1991-07-22T07:00:00,0.5,0.203,0.54,247.9
1991-07-22T08:00:00,0.875,0.422,0.971,244.3
1991-07-22T09:00:00,1.812,0.656,1.928,250.1
1991-07-22T10:00:00,2.438,0.422,2.474,260.2
1991-07-22T11:00:00,1.75,0.125,1.754,265.9
1991-07-22T12:00:00,0.125,-0.016,0.126,277.2
1991-07-22T13:00:00,-2.0,-0.141,2.005,86.0
1991-07-22T14:00:00,-2.812,-0.297,2.828,84.0
1991-07-22T15:00:00,-2.938,-1.266,3.199,66.7
1991-07-22T16:00:00,-3.25,-2.531,4.119,52.1
1991-07-22T17:00:00,-3.062,-2.859,4.19,47.0
1991-07-22T18:00:00,-1.125,-3.406,3.587,18.3
1991-07-22T19:00:00,-0.5,-4.031,4.062,7.1
1991-07-22T20:00:00,-1.75,-4.266,4.611,22.3
1991-07-22T21:00:00,-2.562,-2.875,3.851,41.7
1991-07-22T22:00:00,-3.375,-1.828,3.838,61.6
1991-07-22T23:00:00,-3.562,-1.953,4.063,61.3
1991-07-23T00:00:00,-3.812,-2.031,4.32,62.0
1991-07-23T01:00:00,-3.375,-2.594,4.257,52.5
1991-07-23T02:00:00,-2.438,-1.734,2.992,54.6
1991-07-23T03:00:00,0.125,-0.656,0.668,349.2
1991-07-23T04:00:00,1.625,-0.859,1.838,297.9
1991-07-23T05:00:00,3.25,-2.391,4.035,306.3
1991-07-23T06:00:00,8.562,-3.344,9.192,291.3
1991-07-23T07:00:00,8.625,-0.141,8.626,270.9
1991-07-23T08:00:00,5.125,2.438,5.675,244.6
1991-07-23T09:00:00,7.062,0.562,7.085,265.4
1991-07-23T10:00:00,8.812,-0.469,8.825,273.0
1991-07-23T11:00:00,8.25,0.953,8.305,263.4
1991-07-23T12:00:00,8.688,1.109,8.758,262.7
1991-07-23T13:00:00,8.125,-0.641,8.15,274.5
1991-07-23T14:00:00,7.312,-2.672,7.785,290.1
1991-07-23T15:00:00,8.0,-4.625,9.241,300.0
1991-07-23T16:00:00,8.062,-5.781,9.921,305.6
1991-07-23T17:00:00,9.062,-5.75,10.733,302.4
1991-07-23T18:00:00,10.375,-4.734,11.404,294.5
1991-07-23T19:00:00,8.312,0.547,8.33,266.2
1991-07-23T20:00:00,3.438,5.719,6.672,211.0
1991-07-23T21:00:00,3.125,6.297,7.03,206.4
1991-07-23T22:00:00,5.375,7.203,8.987,216.7
1991-07-23T23:00:00,3.625,8.188,8.954,203.9
1991-07-24T00:00:00,2.438,8.188,8.543,196.6
1991-07-24T01:00:00,0.25,6.25,6.255,182.3
1991-07-24T02:00:00,-2.0,4.094,4.556,154.0
1991-07-24T03:00:00,0.875,4.625,4.707,190.7
1991-07-24T04:00:00,4.125,5.797,7.115,215.4
1991-07-24T05:00:00,4.75,5.5,7.267,220.8
1991-07-24T06:00:00,5.812,4.859,7.576,230.1
1991-07-24T07:00:00,5.688,4.859,7.481,229.5
1991-07-24T08:00:00,5.125,5.281,7.359,224.1
1991-07-24T09:00:00,5.312,5.578,7.703,223.6
1991-07-24T10:00:00,5.062,4.406,6.711,229.0
1991-07-24T11:00:00,4.375,3.937,5.886,228.0
1991-07-24T12:00:00,4.188,4.062,5.834,225.9
1991-07-24T13:00:00,3.75,3.938,5.438,223.6
1991-07-24T14:00:00,3.125,4.172,5.213,216.8
1991-07-24T15:00:00,-0.375,1.922,1.959,169.0
1991-07-24T16:00:00,-2.875,-1.547,3.265,61.7
1991-07-24T17:00:00,-1.812,-2.906,3.425,31.9
1991-07-24T18:00:00,-2.25,-3.109,3.838,35.9
1991-07-24T19:00:00,-2.938,-3.25,4.381,42.1
1991-07-24T20:00:00,-3.125,-2.891,4.257,47.2
1991-07-24T21:00:00,-3.125,-3.375,4.6,42.8
1991-07-24T22:00:00,-2.875,-4.156,5.054,34.7
1991-07-24T23:00:00,-2.812,-4.235,5.083,33.6
1991-07-25T00:00:00,-3.062,-3.422,4.592,41.8
1991-07-25T01:00:00,-2.688,-2.125,3.426,51.7
1991-07-25T02:00:00,-1.938,-2.375,3.065,39.2
1991-07-25T03:00:00,-1.25,-3.813,4.012,18.2
1991-07-25T04:00:00,-1.188,-4.969,5.109,13.4
1991-07-25T05:00:00,-1.5,-5.391,5.596,15.5
1991-07-25T06:00:00,-0.625,-5.641,5.675,6.3
1991-07-25T07:00:00,0.938,-4.391,4.49,347.9
1991-07-25T08:00:00,1.938,-2.266,2.981,319.5
1991-07-25T09:00:00,1.75,-2.25,2.85,322.1
1991-07-25T10:00:00,0.375,-2.875,2.899,352.6
1991-07-25T11:00:00,-1.312,-2.406,2.741,28.6
1991-07-25T12:00:00,-1.875,-2.516,3.138,36.7
1991-07-25T13:00:00,-1.938,-2.953,3.532,33.3
1991-07-25T14:00:00,1.375,-2.813,3.131,333.9
1991-07-25T15:00:00,5.125,-3.14,6.011,301.5
1991-07-25T16:00:00,2.75,-3.656,4.575,323.1
1991-07-25T17:00:00,1.938,-4.14,4.571,334.9
1991-07-25T18:00:00,4.438,-5.719,7.239,322.2
1991-07-25T19:00:00,6.188,-6.5,8.974,316.4
1991-07-25T20:00:00,5.938,-3.953,7.133,303.7
1991-07-25T21:00:00,1.75,-3.562,3.969,333.8
1991-07-25T22:00:00,3.812,-3.281,5.03,310.7
1991-07-25T23:00:00,8.938,-0.266,8.941,271.7
1991-07-26T00:00:00,7.875,1.922,8.106,256.3
1991-07-26T01:00:00,6.688,3.141,7.388,244.8
1991-07-26T02:00:00,6.625,4.5,8.009,235.8
1991-07-26T03:00:00,6.562,5.625,8.643,229.4
1991-07-26T04:00:00,6.0,6.391,8.766,223.2
1991-07-26T05:00:00,6.062,7.187,9.403,220.1
1991-07-26T06:00:00,6.688,6.75,9.502,224.7
1991-07-26T07:00:00,5.75,6.687,8.82,220.7
1991-07-26T08:00:00,3.688,6.391,7.378,210.0
1991-07-26T09:00:00,2.5,5.844,6.356,203.2
1991-07-26T10:00:00,2.625,5.375,5.982,206.0
1991-07-26T11:00:00,3.938,6.0,7.177,213.3
1991-07-26T12:00:00,3.938,6.797,7.855,210.1
1991-07-26T13:00:00,1.438,6.375,6.535,192.7
1991-07-26T14:00:00,-1.5,4.406,4.655,161.2
1991-07-26T15:00:00,-3.062,0.906,3.194,106.5
1991-07-26T16:00:00,-2.188,-1.25,2.519,60.3
1991-07-26T17:00:00,-1.562,-1.719,2.323,42.3
1991-07-26T18:00:00,-1.938,-2.141,2.887,42.1
1991-07-26T19:00:00,-2.312,-2.563,3.452,42.1
1991-07-26T20:00:00,-2.438,-2.719,3.652,41.9
1991-07-26T21:00:00,-2.312,-2.672,3.534,40.9
1991-07-26T22:00:00,-2.25,-2.359,3.26,43.6
1991-07-26T23:00:00,-2.562,-1.922,3.203,53.1
1991-07-27T00:00:00,-3.0,-1.391,3.307,65.1
1991-07-27T01:00:00,-2.938,-1.016,3.108,70.9
1991-07-27T02:00:00,-2.688,-1.141,2.92,67.0
1991-07-27T03:00:00,-2.938,-0.906,3.074,72.9
1991-07-27T04:00:00,-3.5,-0.266,3.51,85.7
1991-07-27T05:00:00,-3.188,-0.109,3.189,88.0
1991-07-27T06:00:00,-2.625,-0.047,2.625,89.0
1991-07-27T07:00:00,-2.5,0.391,2.53,98.9
1991-07-27T08:00:00,-2.312,0.828,2.456,109.7
1991-07-27T09:00:00,-1.625,1.187,2.013,126.2
1991-07-27T10:00:00,0.438,0.984,1.077,204.0
1991-07-27T11:00:00,-0.438,-0.672,0.802,33.1
1991-07-27T12:00:00,-3.312,-2.469,4.131,53.3
1991-07-27T13:00:00,-3.688,-3.281,4.936,48.3
1991-07-27T14:00:00,-3.75,-3.344,5.024,48.3
1991-07-27T15:00:00,-3.625,-3.281,4.89,47.8
1991-07-27T16:00:00,-3.438,-3.094,4.625,48.0
1991-07-27T17:00:00,-3.938,-2.813,4.839,54.5
1991-07-27T18:00:00,-4.625,-2.219,5.13,64.4
1991-07-27T19:00:00,-5.062,-1.922,5.415,69.2
1991-07-27T20:00:00,-5.125,-2.141,5.554,67.3
1991-07-27T21:00:00,-5.0,-1.984,5.379,68.4
1991-07-27T22:00:00,-5.25,-1.891,5.58,70.2
1991-07-27T23:00:00,-5.625,-2.297,6.076,67.8
1991-07-28T00:00:00,-5.75,-2.813,6.401,63.9
1991-07-28T01:00:00,-5.688,-3.422,6.638,59.0
1991-07-28T02:00:00,-5.312,-4.016,6.659,52.9
1991-07-28T03:00:00,-4.938,-4.313,6.556,48.9
1991-07-28T04:00:00,-4.625,-4.078,6.166,48.6
1991-07-28T05:00:00,-3.375,-4.422,5.563,37.4
1991-07-28T06:00:00,-2.062,-5.375,5.757,21.0
1991-07-28T07:00:00,-2.062,-4.969,5.38,22.5
1991-07-28T08:00:00,-2.188,-3.954,4.519,29.0
1991-07-28T09:00:00,-2.375,-3.938,4.599,31.1
1991-07-28T10:00:00,-2.375,-4.063,4.707,30.3
1991-07-28T11:00:00,-2.438,-2.751,3.675,41.5
1991-07-28T12:00:00,-3.062,-1.828,3.567,59.2
1991-07-28T13:00:00,-3.438,-2.797,4.432,50.9
1991-07-28T14:00:00,-3.625,-4.141,5.503,41.2
1991-07-28T15:00:00,-3.5,-4.75,5.9,36.4
1991-07-28T16:00:00,-3.0,-4.86,5.711,31.7
1991-07-28T17:00:00,-3.188,-4.813,5.773,33.5
1991-07-28T18:00:00,-3.875,-4.235,5.74,42.5
1991-07-28T19:00:00,-4.438,-3.735,5.8,49.9
1991-07-28T20:00:00,-5.0,-3.266,5.972,56.8
1991-07-28T21:00:00,-4.125,-1.781,4.493,66.6
1991-07-28T22:00:00,-2.438,-0.516,2.491,78.1
1991-07-28T23:00:00,0.125,-1.125,1.132,353.7
1991-07-29T00:00:00,6.312,-0.5,6.332,274.5
1991-07-29T01:00:00,11.75,1.313,11.823,263.6
1991-07-29T02:00:00,13.188,1.969,13.334,261.5
1991-07-29T03:00:00,13.5,1.859,13.627,262.2
1991-07-29T04:00:00,13.312,1.594,13.408,263.2
1991-07-29T05:00:00,12.438,2.516,12.689,258.6
1991-07-29T06:00:00,11.312,3.312,11.788,253.7
1991-07-29T07:00:00,10.625,3.328,11.134,252.6
1991-07-29T08:00:00,10.688,3.547,11.261,251.6
1991-07-29T09:00:00,11.625,2.891,11.979,256.0
1991-07-29T10:00:00,12.375,1.984,12.533,260.9
1991-07-29T11:00:00,12.375,1.922,12.523,261.2
1991-07-29T12:00:00,11.875,2.281,12.092,259.1
1991-07-29T13:00:00,11.438,2.937,11.809,255.6
1991-07-29T14:00:00,11.312,2.219,11.528,258.9
1991-07-29T15:00:00,11.188,1.203,11.252,263.9
1991-07-29T16:00:00,11.312,0.969,11.354,265.1
1991-07-29T17:00:00,11.0,1.125,11.057,264.2
1991-07-29T18:00:00,10.875,1.312,10.954,263.1
1991-07-29T19:00:00,10.812,0.312,10.817,268.3
1991-07-29T20:00:00,11.0,0.141,11.001,269.3
1991-07-29T21:00:00,10.875,-0.375,10.881,272.0
1991-07-29T22:00:00,10.0,-3.0,10.44,286.7
1991-07-29T23:00:00,9.688,-1.75,9.844,280.2
1991-07-30T00:00:00,9.938,1.812,10.101,259.7
1991-07-30T01:00:00,10.188,1.359,10.278,262.4
1991-07-30T02:00:00,10.438,-0.344,10.443,271.9
1991-07-30T03:00:00,10.5,-1.031,10.551,275.6
1991-07-30T04:00:00,10.0,-0.781,10.03,274.5
1991-07-30T05:00:00,9.812,-0.047,9.813,270.3
1991-07-30T06:00:00,9.188,1.859,9.374,258.6
1991-07-30T07:00:00,8.188,3.484,8.898,246.9
1991-07-30T08:00:00,6.625,3.734,7.605,240.6
1991-07-30T09:00:00,3.875,3.547,5.253,227.5
1991-07-30T10:00:00,1.625,3.328,3.704,206.0
1991-07-30T11:00:00,-1.0,1.828,2.084,151.3
1991-07-30T12:00:00,-2.625,-0.469,2.667,79.9
1991-07-30T13:00:00,-2.688,-1.062,2.89,68.4
1991-07-30T14:00:00,-3.125,-1.563,3.494,63.4
1991-07-30T15:00:00,-3.062,-2.297,3.828,53.1
1991-07-30T16:00:00,-3.125,-2.922,4.278,46.9
1991-07-30T17:00:00,-2.938,-1.781,3.435,58.8
1991-07-30T18:00:00,-2.875,0.266,2.887,95.3
1991-07-30T19:00:00,-2.938,1.0,3.103,108.8
1991-07-30T20:00:00,-2.562,1.094,2.786,113.1
1991-07-30T21:00:00,-2.625,-1.734,3.146,56.5
1991-07-30T22:00:00,-3.438,-4.61,5.75,36.7
1991-07-30T23:00:00,-3.625,-5.188,6.329,34.9
1991-07-31T00:00:00,-3.188,-6.094,6.877,27.6
1991-07-31T01:00:00,-3.0,-6.782,7.415,23.9
1991-07-31T02:00:00,-2.625,-7.766,8.198,18.7
1991-07-31T03:00:00,-1.625,-8.344,8.501,11.0
1991-07-31T04:00:00,-0.375,-9.172,9.18,2.3
1991-07-31T05:00:00,0.25,-10.625,10.628,358.7
1991-07-31T06:00:00,1.25,-10.906,10.978,353.5
1991-07-31T07:00:00,3.938,-10.531,11.243,339.5
1991-07-31T08:00:00,6.875,-10.437,12.498,326.6
1991-07-31T09:00:00,8.438,-10.734,13.653,321.8
1991-07-31T10:00:00,8.562,-11.297,14.175,322.8
1991-07-31T11:00:00,7.938,-11.922,14.322,326.3
1991-07-31T12:00:00,7.25,-11.578,13.661,327.9
1991-07-31T13:00:00,7.625,-11.437,13.746,326.3
1991-07-31T14:00:00,8.0,-12.156,14.552,326.7
1991-07-31T15:00:00,6.938,-12.203,14.037,330.4
1991-07-31T16:00:00,7.438,-12.031,14.144,328.3
1991-07-31T17:00:00,9.562,-12.437,15.689,322.4
1991-07-31T18:00:00,11.75,-12.719,17.315,317.3
1991-07-31T19:00:00,14.312,-9.141,16.982,302.6
1991-07-31T20:00:00,15.938,-3.734,16.369,283.2
1991-07-31T21:00:00,17.062,-1.266,17.109,274.2
1991-07-31T22:00:00,17.812,-0.031,17.813,270.1
1991-07-31T23:00:00,16.812,1.344,16.866,265.4
1991-08-01T00:00:00,15.812,1.078,15.849,266.1
1991-08-01T01:00:00,15.688,-0.109,15.688,270.4
1991-08-01T02:00:00,14.938,-0.359,14.942,271.4
1991-08-01T03:00:00,13.125,-0.641,13.141,272.8
1991-08-01T04:00:00,11.625,-1.812,11.765,278.9
1991-08-01T05:00:00,10.875,-2.594,11.18,283.4
1991-08-01T06:00:00,10.25,-2.906,10.654,285.8
1991-08-01T07:00:00,10.312,-4.094,11.095,291.7
1991-08-01T08:00:00,9.75,-6.016,11.456,301.7
1991-08-01T09:00:00,9.25,-7.625,11.988,309.5
1991-08-01T10:00:00,9.25,-9.641,13.36,316.2
1991-08-01T11:00:00,9.812,-11.344,14.999,319.1
1991-08-01T12:00:00,10.625,-11.437,15.611,317.1
1991-08-01T13:00:00,10.312,-12.375,16.109,320.2
1991-08-01T14:00:00,10.875,-13.734,17.518,321.6
1991-08-01T15:00:00,11.562,-14.469,18.521,321.4
1991-08-01T16:00:00,13.188,-15.078,20.031,318.8
1991-08-01T17:00:00,16.312,-12.172,20.353,306.7
1991-08-01T18:00:00,18.625,-5.844,19.52,287.4
1991-08-01T19:00:00,20.375,-1.672,20.443,274.7
1991-08-01T20:00:00,20.0,1.422,20.05,265.9
1991-08-01T21:00:00,17.75,4.531,18.319,255.7
1991-08-01T22:00:00,15.125,4.359,15.741,253.9
1991-08-01T23:00:00,13.5,3.812,14.028,254.2
1991-08-02T00:00:00,13.438,4.391,14.137,251.9
1991-08-02T01:00:00,12.688,3.422,13.141,254.9
1991-08-02T02:00:00,12.312,2.375,12.539,259.1
1991-08-02T03:00:00,12.188,2.656,12.474,257.7
1991-08-02T04:00:00,11.688,2.297,11.911,258.9
1991-08-02T05:00:00,11.562,1.0,11.606,265.1
1991-08-02T06:00:00,12.25,-0.297,12.254,271.4
1991-08-02T07:00:00,11.938,-1.422,12.022,276.8
1991-08-02T08:00:00,10.812,-0.547,10.826,272.9
1991-08-02T09:00:00,10.188,-0.453,10.198,272.5
1991-08-02T10:00:00,10.062,-1.188,10.132,276.7
1991-08-02T11:00:00,11.188,-1.125,11.244,275.7
1991-08-02T12:00:00,11.75,-0.672,11.769,273.3
1991-08-02T13:00:00,12.0,-1.062,12.047,275.1
1991-08-02T14:00:00,12.312,-2.828,12.633,282.9
1991-08-02T15:00:00,12.75,-4.484,13.516,289.4
1991-08-02T16:00:00,13.688,-4.75,14.488,289.1
1991-08-02T17:00:00,13.188,-4.406,13.904,288.5
1991-08-02T18:00:00,11.812,-5.844,13.179,296.3
1991-08-02T19:00:00,12.188,-5.656,13.436,294.9
1991-08-02T20:00:00,13.125,-4.562,13.895,289.2
1991-08-02T21:00:00,13.188,-5.031,14.115,290.9
1991-08-02T22:00:00,14.25,-4.359,14.902,287.0
1991-08-02T23:00:00,14.5,-3.266,14.863,282.7
1991-08-03T00:00:00,12.562,-3.875,13.147,287.1
1991-08-03T01:00:00,11.375,-4.047,12.073,289.6
1991-08-03T02:00:00,12.125,-1.813,12.26,278.5
1991-08-03T03:00:00,12.875,-0.0,12.875,270.0
1991-08-03T04:00:00,13.188,1.125,13.235,265.1
1991-08-03T05:00:00,13.312,2.063,13.471,261.2
1991-08-03T06:00:00,12.875,1.734,12.991,262.3
1991-08-03T07:00:00,13.0,2.109,13.17,260.8
1991-08-03T08:00:00,12.625,2.625,12.895,258.3
1991-08-03T09:00:00,12.562,2.297,12.771,259.6
1991-08-03T10:00:00,12.5,1.969,12.654,261.0
1991-08-03T11:00:00,11.562,3.047,11.957,255.2
1991-08-03T12:00:00,11.688,3.281,12.139,254.3
1991-08-03T13:00:00,12.375,2.328,12.592,259.3
1991-08-03T14:00:00,12.688,3.0,13.037,256.7
1991-08-03T15:00:00,12.312,3.563,12.818,253.9
1991-08-03T16:00:00,11.938,3.094,12.332,255.5
1991-08-03T17:00:00,11.5,3.141,11.921,254.7
1991-08-03T18:00:00,12.062,3.047,12.441,255.8
1991-08-03T19:00:00,12.562,2.984,12.912,256.6
1991-08-03T20:00:00,11.875,3.516,12.384,253.5
1991-08-03T21:00:00,11.375,4.047,12.073,250.4
1991-08-03T22:00:00,10.75,3.781,11.396,250.6
1991-08-03T23:00:00,10.625,2.953,11.028,254.5
1991-08-04T00:00:00,11.062,3.5,11.603,252.4
1991-08-04T01:00:00,11.438,3.812,12.056,251.6
1991-08-04T02:00:00,11.562,3.375,12.045,253.7
1991-08-04T03:00:00,11.938,2.734,12.247,257.1
1991-08-04T04:00:00,12.062,1.906,12.212,261.0
1991-08-04T05:00:00,12.125,1.453,12.212,263.2
1991-08-04T06:00:00,12.375,1.406,12.455,263.5
1991-08-04T07:00:00,12.375,1.891,12.519,261.3
1991-08-04T08:00:00,12.438,2.281,12.645,259.6
1991-08-04T09:00:00,12.0,3.406,12.474,254.2
1991-08-04T10:00:00,11.688,3.719,12.265,252.4
1991-08-04T11:00:00,11.25,4.187,12.004,249.6
1991-08-04T12:00:00,10.375,5.344,11.67,242.7
1991-08-04T13:00:00,9.0,5.844,10.731,237.0
1991-08-04T14:00:00,8.188,6.422,10.406,231.9
1991-08-04T15:00:00,8.188,6.766,10.621,230.4
1991-08-04T16:00:00,7.5,7.203,10.399,226.2
1991-08-04T17:00:00,6.5,8.062,10.356,218.9
1991-08-04T18:00:00,5.25,8.562,10.044,211.5
1991-08-04T19:00:00,4.312,8.469,9.504,207.0
1991-08-04T20:00:00,2.125,7.156,7.465,196.5
1991-08-04T21:00:00,2.562,6.079,6.597,202.9
1991-08-04T22:00:00,0.125,5.297,5.299,181.4
1991-08-04T23:00:00,-4.375,3.688,5.722,130.1
1991-08-05T00:00:00,-4.062,3.422,5.312,130.1
1991-08-05T01:00:00,-3.938,3.984,5.602,135.3
1991-08-05T02:00:00,-3.5,4.359,5.591,141.2
1991-08-05T03:00:00,-3.062,3.063,4.331,135.0
1991-08-05T04:00:00,-2.5,1.406,2.868,119.4
1991-08-05T05:00:00,-1.312,1.781,2.213,143.6
1991-08-05T06:00:00,-0.25,3.125,3.135,175.4
1991-08-05T07:00:00,-0.062,4.188,4.188,179.1
1991-08-05T08:00:00,-1.312,4.406,4.598,163.4
1991-08-05T09:00:00,-1.125,4.031,4.185,164.4
1991-08-05T10:00:00,-0.812,3.891,3.975,168.2
1991-08-05T11:00:00,-2.0,3.406,3.95,149.6
1991-08-05T12:00:00,-2.188,2.781,3.539,141.8
1991-08-05T13:00:00,-2.188,2.578,3.381,139.7
1991-08-05T14:00:00,-2.375,2.156,3.208,132.2
1991-08-05T15:00:00,-2.875,2.047,3.529,125.5
1991-08-05T16:00:00,-3.438,1.906,3.931,119.0
1991-08-05T17:00:00,-3.75,1.469,4.027,111.4
1991-08-05T18:00:00,-3.312,1.625,3.69,116.1
1991-08-05T19:00:00,-3.25,1.094,3.429,108.6
1991-08-05T20:00:00,-3.875,0.156,3.878,92.3
1991-08-05T21:00:00,-3.125,-0.078,3.126,88.6
1991-08-05T22:00:00,-2.562,-0.516,2.614,78.6
1991-08-05T23:00:00,-2.938,-0.719,3.024,76.3
1991-08-06T00:00:00,-3.125,-0.625,3.187,78.7
1991-08-06T01:00:00,-2.812,-1.016,2.99,70.1
1991-08-06T02:00:00,-2.562,-1.141,2.805,66.0
1991-08-06T03:00:00,-1.812,-0.109,1.816,86.5
1991-08-06T04:00:00,-0.5,0.5,0.707,135.0
1991-08-06T05:00:00,0.562,0.281,0.629,243.4
1991-08-06T06:00:00,1.625,0.938,1.876,240.0
1991-08-06T07:00:00,2.188,2.406,3.252,222.3
1991-08-06T08:00:00,2.125,3.344,3.962,212.4
1991-08-06T09:00:00,1.938,1.625,2.529,230.0
1991-08-06T10:00:00,2.125,-0.359,2.155,279.6
1991-08-06T11:00:00,2.75,-0.516,2.798,280.6
1991-08-06T12:00:00,1.688,1.766,2.442,223.7
1991-08-06T13:00:00,-1.312,2.125,2.498,148.3
1991-08-06T14:00:00,-2.5,0.031,2.5,90.7
1991-08-06T15:00:00,-2.188,0.156,2.193,94.1
1991-08-06T16:00:00,-2.188,1.922,2.912,131.3
1991-08-06T17:00:00,-2.688,3.672,4.55,143.8
1991-08-06T18:00:00,-3.125,3.5,4.692,138.2
1991-08-06T19:00:00,-3.25,2.828,4.308,131.0
1991-08-06T20:00:00,-3.5,2.531,4.319,125.9
1991-08-06T21:00:00,-3.125,2.188,3.815,125.0
1991-08-06T22:00:00,-3.125,2.031,3.727,123.0
1991-08-06T23:00:00,-3.875,2.172,4.442,119.3
1991-08-07T00:00:00,-4.125,1.75,4.481,113.0
1991-08-07T01:00:00,-3.688,1.234,3.889,108.5
1991-08-07T02:00:00,-3.188,0.922,3.318,106.1
1991-08-07T03:00:00,-2.75,1.438,3.103,117.6
1991-08-07T04:00:00,-2.062,2.453,3.205,139.9
1991-08-07T05:00:00,-2.125,2.172,3.039,135.6
1991-08-07T06:00:00,-2.375,1.672,2.904,125.1
1991-08-07T07:00:00,-2.375,1.609,2.869,124.1
1991-08-07T08:00:00,-2.5,1.469,2.9,120.4
1991-08-07T09:00:00,-1.312,2.609,2.921,153.3
1991-08-07T10:00:00,-1.062,3.938,4.078,164.9
1991-08-07T11:00:00,-2.25,3.641,4.28,148.3
1991-08-07T12:00:00,-2.688,2.797,3.879,136.1
1991-08-07T13:00:00,-2.812,2.484,3.753,131.5
1991-08-07T14:00:00,-2.688,2.297,3.535,130.5
1991-08-07T15:00:00,-2.688,2.297,3.535,130.5
1991-08-07T16:00:00,-2.562,2.047,3.28,128.6
1991-08-07T17:00:00,-2.625,0.891,2.772,108.7
1991-08-07T18:00:00,-3.0,-0.281,3.013,84.6
1991-08-07T19:00:00,-3.125,-0.688,3.2,77.6
1991-08-07T20:00:00,-3.062,-0.391,3.087,82.7
1991-08-07T21:00:00,-3.188,0.344,3.206,96.2
1991-08-07T22:00:00,-3.438,1.047,3.593,106.9
1991-08-07T23:00:00,-3.312,0.938,3.443,105.8
1991-08-08T00:00:00,-3.125,0.703,3.203,102.7
1991-08-08T01:00:00,-3.062,0.453,3.096,98.4
1991-08-08T02:00:00,-3.125,-0.187,3.131,86.6
1991-08-08T03:00:00,-3.5,-1.094,3.667,72.6
1991-08-08T04:00:00,-3.938,-1.656,4.272,67.2
1991-08-08T05:00:00,-4.062,-1.563,4.353,69.0
1991-08-08T06:00:00,-3.562,-1.406,3.83,68.5
1991-08-08T07:00:00,-2.812,-1.391,3.138,63.7
1991-08-08T08:00:00,-2.625,-1.75,3.155,56.3
1991-08-08T09:00:00,-2.875,-1.422,3.207,63.7
1991-08-08T10:00:00,-3.125,-0.031,3.125,89.4
1991-08-08T11:00:00,-3.125,-0.563,3.175,79.8
1991-08-08T12:00:00,-2.875,-0.906,3.014,72.5
1991-08-08T13:00:00,-2.688,-1.453,3.055,61.6
1991-08-08T14:00:00,-2.438,-1.625,2.93,56.3
1991-08-08T15:00:00,-1.938,-1.063,2.21,61.3
1991-08-08T16:00:00,-1.75,-1.438,2.265,50.6
1991-08-08T17:00:00,-2.125,-0.891,2.304,67.3
1991-08-08T18:00:00,-2.688,-0.422,2.72,81.1
1991-08-08T19:00:00,-2.5,-0.453,2.541,79.7
1991-08-08T20:00:00,-1.938,-0.859,2.12,66.1
1991-08-08T21:00:00,-2.562,-1.203,2.831,64.8
1991-08-08T22:00:00,-3.562,-1.422,3.836,68.2
1991-08-08T23:00:00,-3.875,-1.578,4.184,67.8
1991-08-09T00:00:00,-3.875,-1.938,4.332,63.4
1991-08-09T01:00:00,-4.188,-2.422,4.837,60.0
1991-08-09T02:00:00,-4.5,-2.922,5.365,57.0
1991-08-09T03:00:00,-3.875,-2.75,4.752,54.6
1991-08-09T04:00:00,-3.188,-2.406,3.994,53.0
1991-08-09T05:00:00,-3.25,-2.562,4.139,51.7
1991-08-09T06:00:00,-3.438,-2.234,4.1,57.0
1991-08-09T07:00:00,-3.562,-1.641,3.922,65.3
1991-08-09T08:00:00,-3.688,-0.75,3.763,78.5
1991-08-09T09:00:00,-4.0,-0.312,4.012,85.5
1991-08-09T10:00:00,-4.0,-0.672,4.056,80.5
1991-08-09T11:00:00,-3.0,-0.625,3.064,78.2
1991-08-09T12:00:00,-2.125,-0.359,2.155,80.4
1991-08-09T13:00:00,-2.062,-0.25,2.078,83.1
1991-08-09T14:00:00,-2.312,-0.328,2.336,81.9
1991-08-09T15:00:00,-2.312,-0.234,2.324,84.2
1991-08-09T16:00:00,-1.875,-0.094,1.877,87.1
1991-08-09T17:00:00,-1.5,0.188,1.512,97.1
1991-08-09T18:00:00,-1.375,0.625,1.51,114.4
1991-08-09T19:00:00,-1.375,0.75,1.566,118.6
1991-08-09T20:00:00,-1.438,0.391,1.49,105.2
1991-08-09T21:00:00,-1.625,-0.36,1.664,77.5
1991-08-09T22:00:00,-1.688,-1.188,2.064,54.9
1991-08-09T23:00:00,-1.625,-2.031,2.601,38.7
1991-08-10T00:00:00,-1.375,-2.578,2.922,28.1
1991-08-10T01:00:00,-0.938,-2.641,2.802,19.5
1991-08-10T02:00:00,-0.812,-2.922,3.033,15.5
1991-08-10T03:00:00,-0.188,-1.453,1.465,7.4
1991-08-10T04:00:00,0.812,0.75,1.106,227.3
1991-08-10T05:00:00,1.5,1.016,1.811,235.9
1991-08-10T06:00:00,2.062,0.609,2.151,253.5
1991-08-10T07:00:00,2.438,0.781,2.56,252.2
1991-08-10T08:00:00,2.875,1.797,3.39,238.0
1991-08-10T09:00:00,2.375,2.891,3.741,219.4
1991-08-10T10:00:00,1.438,3.734,4.001,201.1
1991-08-10T11:00:00,0.5,4.25,4.279,186.7
1991-08-10T12:00:00,-0.875,4.61,4.692,169.3
1991-08-10T13:00:00,-1.812,4.766,5.099,159.2
1991-08-10T14:00:00,-2.0,4.735,5.14,157.1
1991-08-10T15:00:00,-1.5,5.094,5.31,163.6
1991-08-10T16:00:00,-0.812,6.344,6.396,172.7
1991-08-10T17:00:00,-0.625,7.328,7.355,175.1
1991-08-10T18:00:00,-1.188,7.328,7.424,170.8
1991-08-10T19:00:00,-2.125,6.36,6.705,161.5
1991-08-10T20:00:00,-3.0,4.828,5.684,148.1
1991-08-10T21:00:00,-2.812,4.813,5.574,149.7
1991-08-10T22:00:00,-2.75,4.735,5.475,149.9
1991-08-10T23:00:00,-2.875,3.781,4.75,142.8
1991-08-11T00:00:00,-2.188,3.719,4.315,149.5
1991-08-11T01:00:00,-1.688,4.094,4.428,157.6
1991-08-11T02:00:00,-1.25,5.125,5.275,166.3
1991-08-11T03:00:00,-0.938,5.844,5.919,170.9
1991-08-11T04:00:00,-0.562,5.734,5.762,174.4
1991-08-11T05:00:00,1.125,6.563,6.658,189.7
1991-08-11T06:00:00,2.562,8.047,8.445,197.7
1991-08-11T07:00:00,1.812,9.297,9.472,191.0
1991-08-11T08:00:00,0.062,9.859,9.86,180.4
1991-08-11T09:00:00,-0.75,10.281,10.309,175.8
1991-08-11T10:00:00,-0.688,10.828,10.85,176.4
1991-08-11T11:00:00,-1.0,10.531,10.579,174.6
1991-08-11T12:00:00,-1.375,9.61,9.708,171.9
1991-08-11T13:00:00,-1.688,8.61,8.773,168.9
1991-08-11T14:00:00,-1.875,7.641,7.868,166.2
1991-08-11T15:00:00,-1.562,7.813,7.967,168.7
1991-08-11T16:00:00,-1.562,8.157,8.305,169.2
1991-08-11T17:00:00,-2.25,7.641,7.965,163.6
1991-08-11T18:00:00,-2.625,7.063,7.535,159.6
1991-08-11T19:00:00,-2.75,6.297,6.871,156.4
1991-08-11T20:00:00,-2.875,5.469,6.179,152.3
1991-08-11T21:00:00,-2.938,5.391,6.139,151.4
1991-08-11T22:00:00,-3.25,5.25,6.175,148.2
1991-08-11T23:00:00,-3.5,4.469,5.676,141.9
1991-08-12T00:00:00,-3.25,4.25,5.35,142.6
1991-08-12T01:00:00,-3.25,4.359,5.438,143.3
1991-08-12T02:00:00,-3.875,4.609,6.022,139.9
1991-08-12T03:00:00,-4.188,4.734,6.321,138.5
1991-08-12T04:00:00,-4.375,4.578,6.333,136.3
1991-08-12T05:00:00,-4.688,4.5,6.498,133.8
1991-08-12T06:00:00,-4.625,4.594,6.519,134.8
1991-08-12T07:00:00,-4.5,4.594,6.431,135.6
1991-08-12T08:00:00,-4.688,4.656,6.607,134.8
1991-08-12T09:00:00,-4.438,5.078,6.744,138.9
1991-08-12T10:00:00,-3.688,5.344,6.493,145.4
1991-08-12T11:00:00,-3.188,4.844,5.799,146.7
1991-08-12T12:00:00,-3.25,4.063,5.203,141.3
1991-08-12T13:00:00,-3.5,3.0,4.61,130.6
1991-08-12T14:00:00,-3.438,2.078,4.017,121.2
1991-08-12T15:00:00,-3.375,1.516,3.7,114.2
1991-08-12T16:00:00,-3.375,1.047,3.534,107.2
1991-08-12T17:00:00,-3.188,1.75,3.636,118.8
1991-08-12T18:00:00,-2.875,2.891,4.077,135.2
1991-08-12T19:00:00,-3.062,3.047,4.32,134.9
1991-08-12T20:00:00,-3.625,2.813,4.588,127.8
1991-08-12T21:00:00,-4.0,2.594,4.767,123.0
1991-08-12T22:00:00,-3.812,2.047,4.327,118.2
1991-08-12T23:00:00,-3.375,1.906,3.876,119.5
1991-08-13T00:00:00,-3.188,2.063,3.797,122.9
1991-08-13T01:00:00,-3.125,1.656,3.537,117.9
1991-08-13T02:00:00,-2.938,1.406,3.257,115.6
1991-08-13T03:00:00,-2.062,2.375,3.146,139.0
1991-08-13T04:00:00,-1.375,3.656,3.906,159.4
1991-08-13T05:00:00,-1.188,4.047,4.218,163.6
1991-08-13T06:00:00,-0.875,4.094,4.186,167.9
1991-08-13T07:00:00,-0.875,4.375,4.462,168.7
1991-08-13T08:00:00,-1.062,4.985,5.097,168.0
1991-08-13T09:00:00,-1.188,5.844,5.963,168.5
1991-08-13T10:00:00,-1.562,6.641,6.822,166.8
1991-08-13T11:00:00,-2.625,5.61,6.193,154.9
1991-08-13T12:00:00,-3.625,3.813,5.261,136.4
1991-08-13T13:00:00,-3.688,3.422,5.031,132.9
1991-08-13T14:00:00,-3.312,3.11,4.543,133.2
1991-08-13T15:00:00,-2.875,2.734,3.968,133.6
1991-08-13T16:00:00,-2.5,2.828,3.775,138.5
1991-08-13T17:00:00,-2.438,2.734,3.663,138.3
1991-08-13T18:00:00,-2.5,2.672,3.659,136.9
1991-08-13T19:00:00,-2.562,2.922,3.886,138.8
1991-08-13T20:00:00,-2.625,3.016,3.998,139.0
1991-08-13T21:00:00,-2.688,3.313,4.266,140.9
1991-08-13T22:00:00,-2.688,3.547,4.45,142.8
1991-08-13T23:00:00,-2.75,3.516,4.464,142.0
1991-08-14T00:00:00,-2.75,3.469,4.427,141.6
1991-08-14T01:00:00,-2.75,2.578,3.77,133.2
1991-08-14T02:00:00,-2.938,1.125,3.146,111.0
1991-08-14T03:00:00,-3.125,0.047,3.125,90.9
1991-08-14T04:00:00,-2.938,-0.312,2.954,83.9
1991-08-14T05:00:00,-2.875,0.031,2.875,90.6
1991-08-14T06:00:00,-3.312,0.594,3.365,100.2
1991-08-14T07:00:00,-3.625,1.281,3.845,109.5
1991-08-14T08:00:00,-3.875,2.063,4.39,118.0
1991-08-14T09:00:00,-4.062,2.328,4.682,119.8
1991-08-14T10:00:00,-4.125,1.641,4.439,111.7
1991-08-14T11:00:00,-4.188,1.297,4.384,107.2
1991-08-14T12:00:00,-4.0,1.641,4.323,112.3
1991-08-14T13:00:00,-3.688,1.563,4.005,113.0
1991-08-14T14:00:00,-3.625,1.266,3.84,109.2
1991-08-14T15:00:00,-3.688,1.031,3.829,105.6
1991-08-14T16:00:00,-3.688,0.797,3.773,102.2
1991-08-14T17:00:00,-3.062,0.609,3.123,101.3
1991-08-14T18:00:00,-2.75,0.641,2.824,103.1
1991-08-14T19:00:00,-3.812,0.453,3.839,96.8
1991-08-14T20:00:00,-5.875,-0.328,5.884,86.8
1991-08-14T21:00:00,-7.25,-0.937,7.31,82.6
1991-08-14T22:00:00,-7.812,-1.219,7.907,81.1
1991-08-14T23:00:00,-8.375,-1.547,8.517,79.5
1991-08-15T00:00:00,-7.938,-1.969,8.178,76.1
1991-08-15T01:00:00,-7.25,-2.563,7.69,70.5
1991-08-15T02:00:00,-7.0,-3.25,7.718,65.1
1991-08-15T03:00:00,-5.75,-2.984,6.478,62.6
1991-08-15T04:00:00,-4.75,-2.422,5.332,63.0
1991-08-15T05:00:00,-4.938,-2.641,5.599,61.9
1991-08-15T06:00:00,-5.062,-2.906,5.837,60.1
1991-08-15T07:00:00,-5.062,-2.797,5.784,61.1
1991-08-15T08:00:00,-5.125,-1.953,5.485,69.1
1991-08-15T09:00:00,-5.312,-1.25,5.458,76.8
1991-08-15T10:00:00,-5.0,-1.328,5.173,75.1
1991-08-15T11:00:00,-4.25,-1.578,4.534,69.6
1991-08-15T12:00:00,-4.125,-1.719,4.469,67.4
1991-08-15T13:00:00,-4.938,-1.813,5.26,69.8
1991-08-15T14:00:00,-5.625,-2.063,5.991,69.9
1991-08-15T15:00:00,-5.75,-2.188,6.152,69.2
1991-08-15T16:00:00,-5.938,-2.281,6.361,69.0
1991-08-15T17:00:00,-6.188,-2.578,6.703,67.4
1991-08-15T18:00:00,-5.938,-2.875,6.597,64.2
1991-08-15T19:00:00,-3.5,-3.766,5.141,42.9
1991-08-15T20:00:00,-1.875,-4.141,4.546,24.4
1991-08-15T21:00:00,-3.625,-4.782,6.0,37.2
1991-08-15T22:00:00,-3.5,-6.141,7.068,29.7
1991-08-15T23:00:00,-2.312,-6.141,6.562,20.6
1991-08-16T00:00:00,-3.125,-5.922,6.696,27.8
1991-08-16T01:00:00,-3.875,-6.047,7.182,32.7
1991-08-16T02:00:00,-3.5,-5.906,6.865,30.7
1991-08-16T03:00:00,-1.875,-6.188,6.466,16.9
1991-08-16T04:00:00,0.25,-7.453,7.457,358.1
1991-08-16T05:00:00,1.562,-8.0,8.151,348.9
1991-08-16T06:00:00,2.5,-7.297,7.713,341.1
1991-08-16T07:00:00,3.625,-6.328,7.293,330.2
1991-08-16T08:00:00,4.688,-6.031,7.639,322.1
1991-08-16T09:00:00,4.75,-6.297,7.887,323.0
1991-08-16T10:00:00,4.75,-6.234,7.838,322.7
1991-08-16T11:00:00,5.125,-5.859,7.784,318.8
1991-08-16T12:00:00,4.812,-5.125,7.03,316.8
1991-08-16T13:00:00,4.625,-4.5,6.453,314.2
1991-08-16T14:00:00,4.875,-4.234,6.457,311.0
1991-08-16T15:00:00,5.125,-3.875,6.425,307.1
1991-08-16T16:00:00,5.312,-3.594,6.414,304.1
1991-08-16T17:00:00,5.625,-3.734,6.752,303.6
1991-08-16T18:00:00,5.938,-3.953,7.133,303.7
1991-08-16T19:00:00,5.875,-4.109,7.17,305.0
1991-08-16T20:00:00,5.875,-4.25,7.251,305.9
1991-08-16T21:00:00,5.062,-4.156,6.55,309.4
1991-08-16T22:00:00,5.188,-4.094,6.608,308.3
1991-08-16T23:00:00,5.75,-4.406,7.244,307.5
1991-08-17T00:00:00,1.875,-4.922,5.267,339.1
1991-08-17T01:00:00,0.188,-6.469,6.472,358.3
1991-08-17T02:00:00,3.438,-7.75,8.478,336.1
1991-08-17T03:00:00,4.312,-8.875,9.867,334.1
1991-08-17T04:00:00,5.312,-9.531,10.912,330.9
1991-08-17T05:00:00,7.938,-7.734,11.083,314.3
1991-08-17T06:00:00,8.062,-6.062,10.087,306.9
1991-08-17T07:00:00,7.375,-6.906,10.104,313.1
1991-08-17T08:00:00,7.562,-8.187,11.146,317.3
1991-08-17T09:00:00,7.375,-7.672,10.642,316.1
1991-08-17T10:00:00,7.375,-7.266,10.353,314.6
1991-08-17T11:00:00,8.188,-5.984,10.141,306.2
1991-08-17T12:00:00,7.25,0.703,7.284,264.5
1991-08-17T13:00:00,5.438,5.391,7.657,225.2
1991-08-17T14:00:00,5.0,4.219,6.542,229.8
1991-08-17T15:00:00,5.0,4.062,6.442,230.9
1991-08-17T16:00:00,5.938,4.594,7.507,232.3
1991-08-17T17:00:00,7.188,4.328,8.39,238.9
1991-08-17T18:00:00,7.375,4.453,8.615,238.9
1991-08-17T19:00:00,8.25,5.484,9.907,236.4
1991-08-17T20:00:00,8.812,5.828,10.565,236.5
1991-08-17T21:00:00,8.438,5.562,10.106,236.6
1991-08-17T22:00:00,7.938,5.5,9.657,235.3
1991-08-17T23:00:00,7.312,5.047,8.885,235.4
1991-08-18T00:00:00,7.5,4.719,8.861,237.8
1991-08-18T01:00:00,7.438,4.062,8.475,241.4
1991-08-18T02:00:00,7.875,2.672,8.316,251.3
1991-08-18T03:00:00,7.938,2.703,8.385,251.2
1991-08-18T04:00:00,8.062,3.312,8.716,247.7
1991-08-18T05:00:00,9.0,3.141,9.532,250.8
1991-08-18T06:00:00,9.062,2.406,9.376,255.1
1991-08-18T07:00:00,9.0,0.937,9.049,264.1
1991-08-18T08:00:00,8.688,0.547,8.705,266.4
1991-08-18T09:00:00,8.625,1.531,8.76,259.9
1991-08-18T10:00:00,8.375,1.953,8.6,256.9
1991-08-18T11:00:00,9.25,1.453,9.363,261.1
1991-08-18T12:00:00,10.688,0.906,10.726,265.2
1991-08-18T13:00:00,11.0,0.594,11.016,266.9
1991-08-18T14:00:00,11.25,0.297,11.254,268.5
1991-08-18T15:00:00,11.312,-0.469,11.322,272.4
1991-08-18T16:00:00,11.75,-0.688,11.77,273.3
1991-08-18T17:00:00,12.062,0.156,12.064,269.3
1991-08-18T18:00:00,13.062,0.75,13.084,266.7
1991-08-18T19:00:00,13.312,0.375,13.318,268.4
1991-08-18T20:00:00,13.062,0.359,13.067,268.4
1991-08-18T21:00:00,13.312,0.797,13.336,266.6
1991-08-18T22:00:00,12.688,1.047,12.731,265.3
1991-08-18T23:00:00,12.312,1.188,12.37,264.5
1991-08-19T00:00:00,12.062,1.781,12.193,261.6
1991-08-19T01:00:00,12.125,3.0,12.491,256.1
1991-08-19T02:00:00,12.312,3.0,12.673,256.3
1991-08-19T03:00:00,11.938,1.875,12.084,261.1
1991-08-19T04:00:00,12.062,1.125,12.115,264.7
1991-08-19T05:00:00,11.688,1.562,11.791,262.4
1991-08-19T06:00:00,11.438,2.078,11.625,259.7
1991-08-19T07:00:00,11.562,3.047,11.957,255.2
1991-08-19T08:00:00,11.312,3.984,11.994,250.6
1991-08-19T09:00:00,11.312,4.469,12.163,248.4
1991-08-19T10:00:00,11.0,4.797,12.0,246.4
1991-08-19T11:00:00,10.688,4.641,11.652,246.5
1991-08-19T12:00:00,10.125,4.375,11.03,246.6
1991-08-19T13:00:00,9.812,3.031,10.27,252.8
1991-08-19T14:00:00,9.5,2.547,9.835,255.0
1991-08-19T15:00:00,9.625,2.687,9.993,254.4
1991-08-19T16:00:00,10.25,3.0,10.68,253.7
1991-08-19T17:00:00,10.5,3.406,11.039,252.0
1991-08-19T18:00:00,10.625,3.437,11.167,252.1
1991-08-19T19:00:00,9.875,4.062,10.678,247.6
1991-08-19T20:00:00,9.0,4.187,9.926,245.0
1991-08-19T21:00:00,8.562,3.875,9.398,245.7
1991-08-19T22:00:00,8.875,3.828,9.665,246.7
1991-08-19T23:00:00,9.312,4.156,10.198,245.9
1991-08-20T00:00:00,8.688,4.578,9.82,242.2
1991-08-20T01:00:00,7.438,4.937,8.927,236.4
1991-08-20T02:00:00,5.75,5.203,7.755,227.9
1991-08-20T03:00:00,5.375,4.937,7.299,227.4
1991-08-20T04:00:00,5.375,4.375,6.93,230.9
1991-08-20T05:00:00,4.688,3.594,5.907,232.5
1991-08-20T06:00:00,4.812,2.437,5.395,243.1
1991-08-20T07:00:00,4.938,1.937,5.304,248.6
1991-08-20T08:00:00,4.875,2.297,5.389,244.8
1991-08-20T09:00:00,4.938,2.094,5.363,247.0
1991-08-20T10:00:00,5.125,2.312,5.623,245.7
1991-08-20T11:00:00,4.938,2.719,5.637,241.2
1991-08-20T12:00:00,4.938,2.563,5.563,242.6
1991-08-20T13:00:00,5.562,2.797,6.226,243.3
1991-08-20T14:00:00,5.812,3.125,6.599,241.7
1991-08-20T15:00:00,5.438,3.75,6.605,235.4
1991-08-20T16:00:00,5.188,4.25,6.706,230.7
1991-08-20T17:00:00,5.25,4.016,6.61,232.6
1991-08-20T18:00:00,4.812,4.031,6.278,230.0
1991-08-20T19:00:00,4.812,4.078,6.308,229.7
1991-08-20T20:00:00,4.625,3.328,5.698,234.3
1991-08-20T21:00:00,5.0,2.5,5.59,243.4
1991-08-20T22:00:00,5.75,2.453,6.251,246.9
1991-08-20T23:00:00,5.688,2.422,6.182,246.9
1991-08-21T00:00:00,5.375,1.938,5.714,250.2
1991-08-21T01:00:00,4.938,1.359,5.121,254.6
1991-08-21T02:00:00,4.75,0.953,4.845,258.7
1991-08-21T03:00:00,4.188,0.922,4.288,257.6
1991-08-21T04:00:00,3.625,0.734,3.699,258.5
1991-08-21T05:00:00,4.188,0.063,4.188,269.1
1991-08-21T06:00:00,5.438,-0.766,5.491,278.0
1991-08-21T07:00:00,6.312,-1.266,6.438,281.3
1991-08-21T08:00:00,6.5,-1.016,6.579,278.9
1991-08-21T09:00:00,6.125,-0.312,6.133,272.9
1991-08-21T10:00:00,6.188,0.312,6.195,267.1
1991-08-21T11:00:00,6.562,1.594,6.753,256.4
1991-08-21T12:00:00,7.188,1.594,7.362,257.5
1991-08-21T13:00:00,7.25,0.453,7.264,266.4
1991-08-21T14:00:00,7.188,0.641,7.216,264.9
1991-08-21T15:00:00,7.312,1.125,7.399,261.3
1991-08-21T16:00:00,6.188,2.062,6.522,251.6
1991-08-21T17:00:00,4.75,3.047,5.643,237.3
1991-08-21T18:00:00,3.812,2.969,4.832,232.1
1991-08-21T19:00:00,3.75,2.5,4.507,236.3
1991-08-21T20:00:00,3.938,1.453,4.197,249.7
1991-08-21T21:00:00,4.875,1.953,5.252,248.2
1991-08-21T22:00:00,5.75,3.703,6.839,237.2
1991-08-21T23:00:00,5.562,5.344,7.713,226.1
1991-08-22T00:00:00,5.25,6.172,8.103,220.4
1991-08-22T01:00:00,4.375,5.984,7.413,216.2
1991-08-22T02:00:00,4.5,6.141,7.613,216.2
1991-08-22T03:00:00,4.25,6.078,7.417,215.0
1991-08-22T04:00:00,1.875,6.156,6.435,196.9
1991-08-22T05:00:00,0.75,5.781,5.83,187.4
1991-08-22T06:00:00,1.562,5.469,5.688,195.9
1991-08-22T07:00:00,2.312,6.453,6.855,199.7
1991-08-22T08:00:00,1.375,7.438,7.564,190.5
1991-08-22T09:00:00,0.688,7.75,7.781,185.1
1991-08-22T10:00:00,0.5,7.516,7.532,183.8
1991-08-22T11:00:00,-0.5,7.328,7.345,176.1
1991-08-22T12:00:00,-1.0,6.766,6.839,171.6
1991-08-22T13:00:00,-1.438,5.375,5.564,165.0
1991-08-22T14:00:00,-2.0,4.156,4.613,154.3
1991-08-22T15:00:00,-2.25,3.25,3.953,145.3
1991-08-22T16:00:00,-2.375,3.016,3.839,141.8
1991-08-22T17:00:00,-2.625,3.11,4.069,139.8
1991-08-22T18:00:00,-3.312,3.047,4.501,132.6
1991-08-22T19:00:00,-4.312,2.703,5.09,122.1
1991-08-22T20:00:00,-4.562,1.969,4.969,113.3
1991-08-22T21:00:00,-4.125,1.5,4.389,110.0
1991-08-22T22:00:00,-3.75,1.688,4.112,114.2
1991-08-22T23:00:00,-3.562,1.969,4.07,118.9
1991-08-23T00:00:00,-3.312,2.094,3.919,122.3
1991-08-23T01:00:00,-3.438,2.25,4.108,123.2
1991-08-23T02:00:00,-3.812,2.219,4.411,120.2
1991-08-23T03:00:00,-2.938,3.266,4.392,138.0
1991-08-23T04:00:00,-1.75,3.906,4.28,155.9
1991-08-23T05:00:00,-1.625,3.078,3.481,152.2
1991-08-23T06:00:00,-1.75,2.594,3.129,146.0
1991-08-23T07:00:00,-2.25,1.875,2.929,129.8
1991-08-23T08:00:00,-3.25,1.359,3.523,112.7
1991-08-23T09:00:00,-3.938,1.922,4.382,116.0
1991-08-23T10:00:00,-4.375,1.75,4.712,111.8
1991-08-23T11:00:00,-4.625,0.938,4.719,101.5
1991-08-23T12:00:00,-4.375,0.563,4.411,97.3
1991-08-23T13:00:00,-3.938,0.516,3.971,97.5
1991-08-23T14:00:00,-3.938,1.203,4.117,107.0
1991-08-23T15:00:00,-4.312,1.719,4.642,111.7
1991-08-23T16:00:00,-4.375,1.844,4.748,112.9
1991-08-23T17:00:00,-4.0,2.063,4.5,117.3
1991-08-23T18:00:00,-3.688,2.422,4.412,123.3
1991-08-23T19:00:00,-3.5,2.438,4.265,124.9
1991-08-23T20:00:00,-3.375,2.109,3.98,122.0
1991-08-23T21:00:00,-3.188,2.0,3.763,122.1
1991-08-23T22:00:00,-2.875,1.859,3.424,122.9
1991-08-23T23:00:00,-2.688,1.578,3.117,120.4
1991-08-24T00:00:00,-2.375,1.297,2.706,118.6
1991-08-24T01:00:00,-2.688,0.813,2.808,106.8
1991-08-24T02:00:00,-2.938,-0.281,2.951,84.5
1991-08-24T03:00:00,-0.375,-0.125,0.395,71.6
1991-08-24T04:00:00,2.062,0.719,2.184,250.8
1991-08-24T05:00:00,2.625,1.813,3.19,235.4
1991-08-24T06:00:00,3.562,3.453,4.961,225.9
1991-08-24T07:00:00,3.75,4.625,5.954,219.0
1991-08-24T08:00:00,2.75,5.828,6.444,205.3
1991-08-24T09:00:00,2.562,5.859,6.395,203.6
1991-08-24T10:00:00,1.562,5.234,5.463,196.6
1991-08-24T11:00:00,-0.312,4.594,4.604,176.1
1991-08-24T12:00:00,-1.0,3.735,3.866,165.0
1991-08-24T13:00:00,-1.438,3.078,3.397,155.0
1991-08-24T14:00:00,-1.625,2.391,2.891,145.8
1991-08-24T15:00:00,-2.5,0.984,2.687,111.5
1991-08-24T16:00:00,-4.125,-0.469,4.152,83.5
1991-08-24T17:00:00,-5.062,-1.031,5.166,78.5
1991-08-24T18:00:00,-5.062,-1.187,5.2,76.8
1991-08-24T19:00:00,-4.875,-1.391,5.069,74.1
1991-08-24T20:00:00,-4.75,-1.813,5.084,69.1
1991-08-24T21:00:00,-4.562,-2.656,5.279,59.8
1991-08-24T22:00:00,-3.875,-3.328,5.108,49.3
1991-08-24T23:00:00,-2.75,-3.516,4.464,38.0
1991-08-25T00:00:00,-2.188,-4.219,4.752,27.4
1991-08-25T01:00:00,-1.688,-5.063,5.337,18.4
1991-08-25T02:00:00,-0.375,-5.375,5.388,4.0
1991-08-25T03:00:00,1.188,-5.297,5.429,347.4
1991-08-25T04:00:00,2.5,-5.172,5.744,334.2
1991-08-25T05:00:00,3.75,-5.078,6.313,323.6
1991-08-25T06:00:00,4.25,-4.219,5.988,314.8
1991-08-25T07:00:00,4.438,-2.5,5.093,299.4
1991-08-25T08:00:00,5.375,-1.109,5.488,281.7
1991-08-25T09:00:00,6.75,-0.75,6.792,276.3
1991-08-25T10:00:00,7.688,-0.734,7.722,275.5
1991-08-25T11:00:00,7.938,-1.219,8.031,278.7
1991-08-25T12:00:00,8.562,-2.141,8.826,284.0
1991-08-25T13:00:00,9.688,-2.562,10.021,284.8
1991-08-25T14:00:00,10.5,-2.891,10.891,285.4
1991-08-25T15:00:00,10.438,-3.656,11.059,289.3
1991-08-25T16:00:00,10.562,-4.047,11.311,291.0
1991-08-25T17:00:00,11.062,-3.969,11.753,289.7
1991-08-25T18:00:00,11.438,-4.609,12.331,291.9
1991-08-25T19:00:00,11.5,-5.578,12.781,295.9
1991-08-25T20:00:00,11.375,-6.656,13.179,300.3
1991-08-25T21:00:00,10.938,-8.125,13.625,306.6
1991-08-25T22:00:00,11.062,-8.265,13.809,306.8
1991-08-25T23:00:00,12.188,-7.219,14.165,300.6
1991-08-26T00:00:00,12.688,-6.766,14.379,298.1
1991-08-26T01:00:00,10.625,-0.375,10.632,272.0
1991-08-26T02:00:00,8.438,5.766,10.219,235.7
1991-08-26T03:00:00,8.25,6.078,10.247,233.6
1991-08-26T04:00:00,8.312,6.75,10.708,230.9
1991-08-26T05:00:00,8.25,6.641,10.591,231.2
1991-08-26T06:00:00,8.0,5.391,9.647,236.0
1991-08-26T07:00:00,8.062,4.219,9.1,242.4
1991-08-26T08:00:00,7.312,5.328,9.048,233.9
1991-08-26T09:00:00,7.25,6.234,9.562,229.3
1991-08-26T10:00:00,7.125,6.234,9.467,228.8
1991-08-26T11:00:00,6.438,6.859,9.407,223.2
1991-08-26T12:00:00,5.625,6.25,8.408,222.0
1991-08-26T13:00:00,5.188,5.406,7.492,223.8
1991-08-26T14:00:00,5.625,5.359,7.769,226.4
1991-08-26T15:00:00,5.688,5.703,8.054,224.9
1991-08-26T16:00:00,5.125,5.984,7.879,220.6
1991-08-26T17:00:00,4.938,5.375,7.299,222.6
1991-08-26T18:00:00,5.562,4.64,7.244,230.2
1991-08-26T19:00:00,1.125,3.125,3.321,199.8
1991-08-26T20:00:00,-3.188,0.828,3.293,104.6
1991-08-26T21:00:00,-2.375,0.078,2.376,91.9
1991-08-26T22:00:00,-1.812,0.734,1.956,112.1
1991-08-26T23:00:00,-1.75,1.016,2.023,120.1
1991-08-27T00:00:00,-1.75,0.734,1.898,112.8
1991-08-27T01:00:00,-0.812,2.484,2.614,161.9
1991-08-27T02:00:00,2.062,5.407,5.787,200.9
1991-08-27T03:00:00,4.062,7.11,8.189,209.7
1991-08-27T04:00:00,5.0,7.906,9.355,212.3
1991-08-27T05:00:00,5.688,7.75,9.613,216.3
1991-08-27T06:00:00,6.375,7.203,9.619,221.5
1991-08-27T07:00:00,6.75,6.859,9.624,224.5
1991-08-27T08:00:00,6.375,6.719,9.262,223.5
1991-08-27T09:00:00,6.75,5.078,8.447,233.0
1991-08-27T10:00:00,7.062,5.172,8.754,233.8
1991-08-27T11:00:00,6.875,6.328,9.344,227.4
1991-08-27T12:00:00,6.625,6.391,9.205,226.0
1991-08-27T13:00:00,6.188,6.203,8.762,224.9
1991-08-27T14:00:00,6.438,4.344,7.766,236.0
1991-08-27T15:00:00,6.062,4.156,7.35,235.6
1991-08-27T16:00:00,5.688,4.578,7.301,231.2
1991-08-27T17:00:00,6.75,3.0,7.387,246.0
1991-08-27T18:00:00,7.75,2.156,8.044,254.5
1991-08-27T19:00:00,8.812,2.625,9.195,253.4
1991-08-27T20:00:00,9.688,2.375,9.974,256.2
1991-08-27T21:00:00,10.188,2.578,10.509,255.8
1991-08-27T22:00:00,10.188,2.687,10.536,255.2
1991-08-27T23:00:00,9.938,2.359,10.214,256.6
1991-08-28T00:00:00,10.312,3.422,10.865,251.6
1991-08-28T01:00:00,10.25,4.906,11.364,244.4
1991-08-28T02:00:00,10.0,5.047,11.201,243.2
1991-08-28T03:00:00,9.625,5.141,10.912,241.9
1991-08-28T04:00:00,9.188,5.437,10.676,239.4
1991-08-28T05:00:00,8.688,5.766,10.427,236.4
1991-08-28T06:00:00,8.062,6.422,10.307,231.5
1991-08-28T07:00:00,8.188,6.141,10.234,233.1
1991-08-28T08:00:00,7.75,5.422,9.458,235.0
1991-08-28T09:00:00,7.375,5.266,9.062,234.5
1991-08-28T10:00:00,6.562,6.312,9.106,226.1
1991-08-28T11:00:00,4.812,7.781,9.149,211.7
1991-08-28T12:00:00,2.688,8.344,8.766,197.9
1991-08-28T13:00:00,-0.938,6.391,6.459,171.7
1991-08-28T14:00:00,-3.375,4.047,5.27,140.2
1991-08-28T15:00:00,-3.688,4.203,5.592,138.7
1991-08-28T16:00:00,-3.875,4.656,6.058,140.2
1991-08-28T17:00:00,-3.938,3.485,5.258,131.5
1991-08-28T18:00:00,-3.875,2.078,4.397,118.2
1991-08-28T19:00:00,-3.75,1.281,3.963,108.9
1991-08-28T20:00:00,-3.75,1.062,3.898,105.8
1991-08-28T21:00:00,-3.375,0.578,3.424,99.7
1991-08-28T22:00:00,-3.062,0.063,3.063,91.2
1991-08-28T23:00:00,-3.062,-0.234,3.071,85.6
1991-08-29T00:00:00,-2.938,-0.578,2.994,78.9
1991-08-29T01:00:00,-2.938,-0.453,2.972,81.2
1991-08-29T02:00:00,-2.562,0.031,2.563,90.7
1991-08-29T03:00:00,0.312,-0.766,0.827,337.8
1991-08-29T04:00:00,2.875,-0.937,3.024,288.1
1991-08-29T05:00:00,2.688,0.531,2.74,258.8
1991-08-29T06:00:00,1.75,1.547,2.336,228.5
1991-08-29T07:00:00,1.5,2.031,2.525,216.4
1991-08-29T08:00:00,2.5,2.844,3.786,221.3
1991-08-29T09:00:00,2.625,4.094,4.863,212.7
1991-08-29T10:00:00,0.875,4.703,4.784,190.5
1991-08-29T11:00:00,-1.188,4.859,5.002,166.3
1991-08-29T12:00:00,-2.938,3.828,4.825,142.5
1991-08-29T13:00:00,-3.75,2.5,4.507,123.7
1991-08-29T14:00:00,-3.062,1.953,3.632,122.5
1991-08-29T15:00:00,-2.875,1.672,3.326,120.2
1991-08-29T16:00:00,-3.0,1.078,3.188,109.8
1991-08-29T17:00:00,-2.625,0.141,2.629,93.1
1991-08-29T18:00:00,-2.625,-0.469,2.667,79.9
1991-08-29T19:00:00,-3.312,-0.984,3.456,73.4
1991-08-29T20:00:00,-4.25,-1.781,4.608,67.3
1991-08-29T21:00:00,-3.688,-1.766,4.088,64.4
1991-08-29T22:00:00,-3.125,-1.641,3.53,62.3
1991-08-29T23:00:00,-3.625,-2.109,4.194,59.8
1991-08-30T00:00:00,-3.875,-2.703,4.725,55.1
1991-08-30T01:00:00,-4.0,-3.547,5.346,48.4
1991-08-30T02:00:00,-3.562,-3.984,5.345,41.8
1991-08-30T03:00:00,-2.375,-3.031,3.851,38.1
1991-08-30T04:00:00,-0.938,-1.469,1.743,32.5
1991-08-30T05:00:00,0.937,-1.125,1.464,320.2
1991-08-30T06:00:00,2.562,-1.281,2.865,296.6
1991-08-30T07:00:00,2.75,-1.578,3.171,299.8
1991-08-30T08:00:00,2.688,-1.875,3.277,304.9
1991-08-30T09:00:00,2.688,-1.469,3.063,298.7
1991-08-30T10:00:00,2.688,-0.641,2.763,283.4
1991-08-30T11:00:00,2.688,0.391,2.716,261.7
1991-08-30T12:00:00,1.375,0.969,1.682,234.8
1991-08-30T13:00:00,-1.062,0.484,1.168,114.5
1991-08-30T14:00:00,-2.812,-0.141,2.816,87.1
1991-08-30T15:00:00,-2.625,-0.141,2.629,86.9
1991-08-30T16:00:00,-2.438,-0.266,2.452,83.8
1991-08-30T17:00:00,-3.188,-1.094,3.37,71.1
1991-08-30T18:00:00,-3.5,-2.141,4.103,58.5
1991-08-30T19:00:00,-3.5,-3.016,4.62,49.3
1991-08-30T20:00:00,-3.688,-3.469,5.063,46.8
1991-08-30T21:00:00,-4.062,-3.766,5.539,47.2
1991-08-30T22:00:00,-4.062,-4.391,5.982,42.8
1991-08-30T23:00:00,-3.562,-4.281,5.57,39.8
1991-08-31T00:00:00,-2.625,-4.016,4.798,33.2
1991-08-31T01:00:00,-2.062,-3.563,4.117,30.1
1991-08-31T02:00:00,-1.688,-3.313,3.718,27.0
1991-08-31T03:00:00,-0.625,-4.453,4.497,8.0
1991-08-31T04:00:00,1.062,-5.453,5.556,349.0
1991-08-31T05:00:00,2.25,-5.031,5.511,335.9
1991-08-31T06:00:00,2.938,-2.844,4.088,314.1
1991-08-31T07:00:00,4.438,0.969,4.542,257.7
1991-08-31T08:00:00,4.75,3.562,5.937,233.1
1991-08-31T09:00:00,3.688,3.953,5.406,223.0
1991-08-31T10:00:00,3.75,3.813,5.348,224.5
1991-08-31T11:00:00,4.688,3.313,5.74,234.8
1991-08-31T12:00:00,4.75,2.953,5.593,238.1
1991-08-31T13:00:00,3.375,5.0,6.032,214.0
1991-08-31T14:00:00,0.375,6.719,6.729,183.2
1991-08-31T15:00:00,-1.125,7.078,7.167,171.0
1991-08-31T16:00:00,-0.75,7.953,7.989,174.6
1991-08-31T17:00:00,-1.875,7.063,7.307,165.1
1991-08-31T18:00:00,-3.188,4.594,5.591,145.2
1991-08-31T19:00:00,-2.812,2.594,3.826,132.7
1991-08-31T20:00:00,-2.438,1.922,3.104,128.3
1991-08-31T21:00:00,-3.062,1.328,3.338,113.4
1991-08-31T22:00:00,-3.125,0.453,3.158,98.3
1991-08-31T23:00:00,-2.875,-0.453,2.91,81.0
1991-09-01T00:00:00,-3.25,-0.906,3.374,74.4
1991-09-01T01:00:00,-3.438,-0.766,3.522,77.4
1991-09-01T02:00:00,-1.938,-0.875,2.126,65.7
1991-09-01T03:00:00,0.812,-2.172,2.319,339.5
1991-09-01T04:00:00,2.125,-2.547,3.317,320.2
1991-09-01T05:00:00,2.25,-1.484,2.696,303.4
1991-09-01T06:00:00,2.438,-0.922,2.606,290.7
1991-09-01T07:00:00,2.188,-0.75,2.312,288.9
1991-09-01T08:00:00,1.938,-0.656,2.046,288.7
1991-09-01T09:00:00,2.188,-1.0,2.405,294.6
1991-09-01T10:00:00,3.562,-0.641,3.62,280.2
1991-09-01T11:00:00,4.812,0.203,4.817,267.6
1991-09-01T12:00:00,5.688,0.766,5.739,262.3
1991-09-01T13:00:00,6.5,2.359,6.915,250.1
1991-09-01T14:00:00,6.312,2.937,6.962,245.0
1991-09-01T15:00:00,1.125,0.5,1.231,246.0
1991-09-01T16:00:00,-3.312,-1.594,3.676,64.3
1991-09-01T17:00:00,-2.625,-1.953,3.272,53.3
1991-09-01T18:00:00,-2.312,-2.156,3.162,47.0
1991-09-01T19:00:00,-2.312,-2.109,3.13,47.6
1991-09-01T20:00:00,-2.438,-2.719,3.651,41.9
1991-09-01T21:00:00,-2.688,-2.953,3.993,42.3
1991-09-01T22:00:00,-3.062,-2.5,3.953,50.8
1991-09-01T23:00:00,-2.938,-2.547,3.888,49.1
1991-09-02T00:00:00,-2.625,-3.063,4.034,40.6
