year,product,dx_km,station,var,n,bias,rmse,r,m01,m02,m03,m04,m05,m06,m07,m08,m09,m10,m11,m12
2013,BARRA-SUB (forcing),1.5,GARDEN ISLAND HSF,airT,8729,-0.276,1.685,0.926,-1.009,-1.273,-0.509,-0.184,0.243,0.607,0.617,0.284,0.16,-0.322,-1.12,-0.907
2013,BARRA-SUB (forcing),1.5,GARDEN ISLAND HSF,wind,8729,0.634,1.706,0.857,0.577,0.707,0.415,0.168,0.772,0.922,0.836,0.652,0.897,0.363,0.726,0.584
2013,BARRA-SUB (forcing),1.5,ROTTNEST ISLAND,airT,8760,-0.251,1.104,0.963,0.027,-0.157,-0.128,-0.199,-0.625,-0.92,-0.561,-0.332,-0.109,0.008,-0.002,-0.018
2013,BARRA-SUB (forcing),1.5,ROTTNEST ISLAND,wind,8760,-1.547,2.141,0.883,-1.633,-1.4,-1.58,-1.318,-1.652,-1.23,-1.698,-1.672,-1.886,-1.457,-1.383,-1.634
2013,BARRA-SUB (forcing),1.5,SWANBOURNE,airT,8760,-0.126,2.0,0.933,-0.833,-0.973,-0.353,-0.171,0.312,0.409,0.69,0.425,0.436,-0.033,-0.695,-0.794
2013,BARRA-SUB (forcing),1.5,SWANBOURNE,wind,8758,0.37,1.307,0.852,0.564,0.525,0.286,0.195,0.214,0.3,0.37,0.314,0.395,0.313,0.323,0.649
2013,BARRA-SUB (forcing),1.5,JANDAKOT AERO,airT,8759,-0.102,1.661,0.969,-0.362,-0.33,-0.481,-0.174,0.164,0.231,0.331,-0.19,-0.233,0.092,-0.091,-0.199
2013,BARRA-SUB (forcing),1.5,JANDAKOT AERO,wind,8759,-0.372,1.444,0.81,-0.47,-0.38,-0.504,-0.214,-0.151,-0.073,-0.253,-0.584,-0.643,-0.482,-0.479,-0.225
2013,BARRA-C2,4.44,GARDEN ISLAND HSF,airT,8729,-0.036,2.7,0.768,-1.036,-1.143,-0.37,0.021,0.474,1.074,1.083,0.579,0.509,-0.047,-0.883,-0.797
2013,BARRA-C2,4.44,GARDEN ISLAND HSF,wind,8729,0.716,3.183,0.45,0.659,0.635,0.216,0.177,0.832,0.792,1.159,1.09,1.305,0.669,0.565,0.474
2013,BARRA-C2,4.44,ROTTNEST ISLAND,airT,8760,0.377,2.13,0.843,-0.564,-0.856,0.215,0.381,1.087,1.253,1.551,1.033,0.908,0.383,-0.463,-0.505
2013,BARRA-C2,4.44,ROTTNEST ISLAND,wind,8760,-0.008,2.976,0.551,-0.134,-0.123,-0.213,-0.268,0.234,0.295,0.375,0.087,-0.044,0.039,-0.114,-0.247
2013,BARRA-C2,4.44,SWANBOURNE,airT,8760,0.699,4.494,0.652,0.486,0.597,0.61,0.8,0.601,0.818,0.855,0.623,0.677,0.912,0.666,0.743
2013,BARRA-C2,4.44,SWANBOURNE,wind,8758,-0.554,2.153,0.491,-0.454,-0.503,-0.534,-0.422,-0.651,-0.405,-0.674,-0.724,-0.881,-0.394,-0.521,-0.485
2013,BARRA-C2,4.44,JANDAKOT AERO,airT,8759,0.798,6.04,0.559,0.177,0.358,0.41,0.74,1.072,1.315,1.378,0.881,0.836,1.061,0.671,0.646
2013,BARRA-C2,4.44,JANDAKOT AERO,wind,8759,-0.783,2.389,0.423,-1.062,-0.918,-0.972,-0.572,-0.528,-0.359,-0.673,-0.668,-1.041,-0.737,-1.025,-0.846
2021,WRF (forcing),1.5,GARDEN ISLAND HSF,airT,8758,-0.134,2.183,0.886,-2.22,-0.06,-0.749,0.546,0.927,1.131,0.664,1.148,0.242,-0.082,-1.263,-1.845
2021,WRF (forcing),1.5,GARDEN ISLAND HSF,wind,8757,1.013,2.044,0.822,0.421,0.688,0.71,0.71,1.57,1.409,1.936,1.559,0.965,0.881,0.571,0.691
2021,WRF (forcing),1.5,ROTTNEST ISLAND,airT,8757,0.019,1.85,0.899,-1.719,0.265,-0.512,0.54,0.996,0.924,0.755,0.869,0.231,0.258,-0.86,-1.473
2021,WRF (forcing),1.5,ROTTNEST ISLAND,wind,8757,0.138,1.81,0.814,0.086,0.44,0.205,0.178,0.507,-0.051,-0.019,0.096,0.033,-0.01,0.214,0.004
2021,WRF (forcing),1.5,SWANBOURNE,airT,8759,-0.03,1.508,0.96,-0.657,0.721,-0.259,0.234,0.43,0.226,0.098,-0.067,-0.211,0.021,-0.404,-0.421
2021,WRF (forcing),1.5,SWANBOURNE,wind,8758,0.149,1.234,0.859,-0.064,0.215,0.199,-0.118,0.125,0.191,0.58,0.225,0.085,0.117,0.064,0.158
2021,WRF (forcing),1.5,JANDAKOT AERO,airT,8717,0.046,1.763,0.964,-1.019,0.44,0.045,0.695,0.713,0.958,-0.033,-0.031,-0.036,0.007,-0.52,-0.552
2021,WRF (forcing),1.5,JANDAKOT AERO,wind,8717,-0.203,1.763,0.77,-0.381,-0.36,-0.089,0.029,0.098,0.365,-0.378,-0.322,-0.445,-0.308,-0.344,-0.278
2021,BARRA-C2,4.44,GARDEN ISLAND HSF,airT,8758,0.058,2.892,0.772,-1.404,-0.578,-0.437,0.187,0.67,1.129,1.324,1.102,0.395,0.034,-0.637,-1.121
2021,BARRA-C2,4.44,GARDEN ISLAND HSF,wind,8757,0.828,3.102,0.505,0.97,0.769,0.413,0.346,0.897,0.903,1.772,1.023,0.6,0.64,0.585,0.983
2021,BARRA-C2,4.44,ROTTNEST ISLAND,airT,8757,0.52,2.31,0.842,-1.002,-0.058,0.02,0.59,1.302,1.571,1.866,1.268,0.786,0.64,-0.032,-0.738
2021,BARRA-C2,4.44,ROTTNEST ISLAND,wind,8757,0.531,2.939,0.559,0.643,0.873,0.29,0.395,0.745,0.277,1.136,0.437,0.338,0.306,0.419,0.523
2021,BARRA-C2,4.44,SWANBOURNE,airT,8759,0.862,4.515,0.669,0.936,1.002,0.837,0.884,0.695,0.663,0.72,0.698,0.943,0.834,0.998,1.153
2021,BARRA-C2,4.44,SWANBOURNE,wind,8758,-0.594,2.158,0.522,-0.474,-0.399,-0.412,-0.621,-0.649,-0.625,-0.887,-0.79,-0.604,-0.711,-0.506,-0.432
2021,BARRA-C2,4.44,JANDAKOT AERO,airT,8717,0.513,5.897,0.578,0.169,0.149,0.267,0.509,0.786,1.278,0.752,0.735,0.754,0.478,0.182,0.12
2021,BARRA-C2,4.44,JANDAKOT AERO,wind,8717,-1.179,2.686,0.485,-1.825,-1.619,-1.303,-0.898,-0.68,-0.362,-1.244,-1.094,-1.117,-1.199,-1.359,-1.419
